site_ordinal,site_id,site_longitude,site_latitude
0,W2_0001,-123.9220712,45.991445761999998
1,W2_0002,-123.9232456,45.988640928000002
2,W2_0003,-123.9187622,45.998308942999998
3,W2_0004,-123.9155394,46.001040615000001
4,W2_0005,-123.9248216,45.998048748000002
5,W2_0006,-123.928059,45.992136000000002
6,W2_0007,-123.9451565,45.973389406999999
7,W2_0008,-123.9292026,45.993064101000002
8,W2_0009,-123.9298967,45.992405503999997
9,W2_0010,-123.9279538,45.992701554
10,W2_0011,-123.9283144,45.992407894999999
11,W2_0012,-123.9284734,45.992408701000002
12,W2_0013,-123.9281556,45.992407237000002
13,W2_0014,-123.9333008,45.979070686
14,W2_0015,-123.9478323,45.974929000000003
15,W2_0016,-123.930672,45.988530101000002
16,W2_0017,-123.9296059,45.992400641000003
17,W2_0018,-123.928465,45.992989080000001
18,W2_0019,-123.9391416,45.973974837999997
19,W2_0020,-123.9313855,45.982714000000001
20,W2_0021,-123.9280845,45.979803500000003
21,W2_0022,-123.9315338,45.980287582000003
22,W2_0023,-123.9313607,45.980468854999998
23,W2_0024,-123.9288954,45.992007934999997
24,W2_0025,-123.9284318,45.99211047
25,W2_0026,-123.9296265,45.980015999999999
26,W2_0027,-123.93135580000001,45.979455690000002
27,W2_0028,-123.9549694,45.973787616999999
28,W2_0029,-123.9281579,45.987776214
29,W2_0030,-123.9427067,45.973336899000003
30,W2_0031,-123.9296495,45.993085346999997
31,W2_0032,-123.9288069,45.992812770999997
32,W2_0033,-123.9279547,45.992592617
33,W2_0034,-123.9316934,45.980316234999997
34,W2_0035,-123.92242450000001,45.984138000000002
35,W2_0036,-123.9234266,45.986138746000002
36,W2_0037,-123.9243665,45.985279499999997
37,W2_0038,-123.9232827,45.988365751000003
38,W2_0039,-123.9263244,45.978790263999997
39,W2_0040,-123.9220284,45.986624216999999
40,W2_0041,-123.92754549999999,45.992018397000002
41,W2_0042,-123.92403,45.982160434999997
42,W2_0043,-123.92541199999999,46.002336999999997
43,W2_0044,-123.9260594,45.980949238000001
44,W2_0045,-123.92729249999999,45.993494429000002
45,W2_0046,-123.9234987,45.986630919
46,W2_0047,-123.9251893,45.972084021000001
47,W2_0048,-123.92914570000001,45.992758418000001
48,W2_0049,-123.92975939999999,45.993063022000001
49,W2_0050,-123.9294699,45.992400015000001
50,W2_0051,-123.92854850000001,45.992397560999997
51,W2_0052,-123.9279533,45.992755399000004
52,W2_0053,-123.9279964,45.992405777000002
53,W2_0054,-123.9271305,45.992680469
54,W2_0055,-123.93920989999999,45.975395577999997
55,W2_0056,-123.9251898,45.993309265000001
56,W2_0057,-123.9255457,45.983007366000002
57,W2_0058,-123.9245007,45.987023311999998
58,W2_0059,-123.92442250000001,45.98675592
59,W2_0060,-123.9105404,46.014239433999997
60,W2_0061,-123.9131799,46.015373484999998
61,W2_0062,-123.92575549999999,45.983958121999997
62,W2_0063,-123.92442819999999,45.988452543999998
63,W2_0064,-123.92472669999999,45.984850526999999
64,W2_0065,-123.9259519,45.983515142000002
65,W2_0066,-123.9284318,45.99211047
66,W2_0067,-123.9348567,45.978594192000003
67,W2_0068,-123.92634839999999,45.979285840000003
68,W2_0069,-123.9265066,45.978290137000002
69,W2_0070,-123.9270752,45.977119432000002
70,W2_0071,-123.931421,45.980299793999997
71,W2_0072,-123.932502,45.980376499999998
72,W2_0073,-123.942781,45.9741055
73,W2_0074,-123.9428353,45.974454753000003
74,W2_0075,-123.9424899,45.973675653000001
75,W2_0076,-123.9254502,45.982807330999997
76,W2_0077,-123.92444500000001,45.982811499999997
77,W2_0078,-123.92444570000001,45.984179171999997
78,W2_0079,-123.9250273,45.984434784999998
79,W2_0080,-123.9244882,45.986924942000002
80,W2_0081,-123.9244772,45.986859572999997
81,W2_0082,-123.90978149999999,46.005895500000001
82,W2_0083,-123.9032194,46.010959708000001
83,W2_0084,-123.9131105,46.002061500000003
84,W2_0085,-123.9062888,46.007724396999997
85,W2_0086,-123.91172039999999,46.015743389000001
86,W2_0087,-123.9302187,45.990926180000002
87,W2_0088,-123.9278824,45.982154475999998
88,W2_0089,-123.9065834,46.008436246999999
89,W2_0090,-123.9105412,46.011887979000001
90,W2_0091,-123.9142367,46.010129448000001
91,W2_0092,-123.9146677,46.007496584999998
92,W2_0093,-123.90619820000001,45.997717584999997
93,W2_0094,-123.90619820000001,45.997717584999997
94,W2_0095,-123.90619820000001,45.997717584999997
95,W2_0096,-123.9124145,46.005661859999996
96,W2_0097,-123.9138969,46.001199827000001
97,W2_0098,-123.91121649999999,46.0030565
98,W2_0099,-123.9153633,46.002459262999999
99,W2_0100,-123.9179214,46.002036619999998
100,W2_0101,-123.916448,46.001312896000002
101,W2_0102,-123.91277650000001,45.989411500000003
102,W2_0103,-123.9179106,45.998566842999999
103,W2_0104,-123.91814599999999,45.990040999999998
104,W2_0105,-123.91743719999999,45.992059654000002
105,W2_0106,-123.9181841,45.999910837999998
106,W2_0107,-123.915809,45.992763748000002
107,W2_0108,-123.91586340000001,46.003325766000003
108,W2_0109,-123.9175298,45.998958778000002
109,W2_0110,-123.9203316,45.994280093
110,W2_0111,-123.9199241,45.995379438000001
111,W2_0112,-123.915024,45.986385753
112,W2_0113,-123.92310670000001,46.005925781999998
113,W2_0114,-123.92304710000001,45.991040253999998
114,W2_0115,-123.9068158,46.000073509000003
115,W2_0116,-123.9197588,45.988902121999999
116,W2_0117,-123.92058950000001,45.992242500000003
117,W2_0118,-123.9201573,45.991201126
118,W2_0119,-123.9152375,46.004292999999997
119,W2_0120,-123.916448,46.001312896000002
120,W2_0121,-123.92033619999999,45.989969219999999
121,W2_0122,-123.9258928,45.992963336999999
122,W2_0123,-123.92614380000001,45.983238129999997
123,W2_0124,-123.9218322,45.993291239999998
124,W2_0125,-123.9170914,45.992077080000001
125,W2_0126,-123.9244937,45.986957625999999
126,W2_0127,-123.9152526,46.002782265
127,W2_0128,-123.91556,46.002458775999997
128,W2_0129,-123.9191,45.997097963999998
129,W2_0130,-123.90619820000001,45.997717584999997
130,W2_0131,-123.90619820000001,45.997717584999997
131,W2_0132,-123.90619820000001,45.997717584999997
132,W2_0133,-123.910912,45.996413480000001
133,W2_0134,-123.91852350000001,45.995740499999997
134,W2_0135,-123.9185782,45.996019080000003
135,W2_0136,-123.9182447,45.997380591000002
136,W2_0137,-123.91658320000001,46.004275346999997
137,W2_0138,-123.922584,45.997676499999997
138,W2_0139,-123.92189140000001,45.991486684999998
139,W2_0140,-123.92674940000001,45.980445478
140,W2_0141,-123.928636,45.994168500000001
141,W2_0142,-123.9210348,45.987895279
142,W2_0143,-123.9279147,45.994762573999999
143,W2_0144,-123.9216481,45.993615224999999
144,W2_0145,-123.9229692,45.982291519
145,W2_0146,-123.9201573,45.991201126
146,W2_0147,-123.92118739999999,45.990166489000003
147,W2_0148,-123.9263272,45.994993856999997
148,W2_0149,-123.9279447,45.993370542000001
149,W2_0150,-123.927089,45.993369242999997
150,W2_0151,-123.92990349999999,45.993069368999997
151,W2_0152,-123.9294676,45.993065164999997
152,W2_0153,-123.9293306,45.993065024000003
153,W2_0154,-123.92880719999999,45.992827697000003
154,W2_0155,-123.9298253,45.992440533
155,W2_0156,-123.9273827,45.992814977000002
156,W2_0157,-123.92795529999999,45.992537046000002
157,W2_0158,-123.9279232,45.992413317999997
158,W2_0159,-123.9174338,45.992251480999997
159,W2_0160,-123.9255974,45.992605560999998
160,W2_0161,-123.92716919999999,45.992938176000003
161,W2_0162,-123.9273237,45.992814922000001
162,W2_0163,-123.9231458,46.001435753999999
163,W2_0164,-123.9272436,46.000660578000002
164,W2_0165,-123.9240047,45.999394045999999
165,W2_0166,-123.9087665,45.995602523999999
166,W2_0167,-123.91930069999999,45.994908793
167,W2_0168,-123.9178191,45.996815253999998
168,W2_0169,-123.92189140000001,45.991486684999998
169,W2_0170,-123.9224012,45.989015746
170,W2_0171,-123.906724,45.997687175000003
171,W2_0172,-123.9183003,46.003531115000001
172,W2_0173,-123.9213846,45.993293506000001
173,W2_0174,-123.90749630000001,45.987784052000002
174,W2_0175,-123.91663320000001,46.000011147999999
175,W2_0176,-123.90619820000001,45.997717584999997
176,W2_0177,-123.9111532,45.994931391999998
177,W2_0178,-123.898053,46.008615796999997
178,W2_0179,-123.89701460000001,46.008939552000001
179,W2_0180,-123.90343559999999,46.008277653
180,W2_0181,-123.91857,45.996366246000001
181,W2_0182,-123.91891939999999,45.994943863000003
182,W2_0183,-123.9190605,46.004612999999999
183,W2_0184,-123.9180787,46.000116906000002
184,W2_0185,-123.922152,45.994702891000003
185,W2_0186,-123.9201406,46.001654002000002
186,W2_0187,-123.9189598,45.999297816999999
187,W2_0188,-123.91843230000001,46.000542455999998
188,W2_0189,-123.919624,45.994251464999998
189,W2_0190,-123.9155564,46.001748564000003
190,W2_0191,-123.922679,45.988344499999997
191,W2_0192,-123.9260822,45.979684816000002
192,W2_0193,-123.908602,45.991497236000001
193,W2_0194,-123.9271815,45.993571602999999
194,W2_0195,-123.9220868,45.989665240999997
195,W2_0196,-123.90619820000001,45.997717584999997
196,W2_0197,-123.90619820000001,45.997717584999997
197,W2_0198,-123.9302344,45.979508140999997
198,W2_0199,-123.9284007,45.980487469000003
199,W2_0200,-123.93191969999999,45.984030535999999
200,W2_0201,-123.90955940000001,45.989974257999997
201,W2_0202,-123.9185299,46.004264065000001
202,W2_0203,-123.9159399,46.003364019000003
203,W2_0204,-123.9156182,45.999301414000001
204,W2_0205,-123.9175419,46.002441296999997
205,W2_0206,-123.91820300000001,46.002105
206,W2_0207,-123.916448,46.001312896000002
207,W2_0208,-123.9154929,46.004618714000003
208,W2_0209,-123.91462730000001,46.005370698
209,W2_0210,-123.9151071,46.002471469
210,W2_0211,-123.91534660000001,46.002100732000002
211,W2_0212,-123.9207318,46.001669909999997
212,W2_0213,-123.919792,45.997369499999998
213,W2_0214,-123.9193595,45.99709
214,W2_0215,-123.9199114,45.999801488999999
215,W2_0216,-123.91513809999999,46.017119801
216,W2_0217,-123.91589500000001,45.9762615
217,W2_0218,-123.91261489999999,45.998441280999998
218,W2_0219,-123.9240678,45.989660215999997
219,W2_0220,-123.9236509,45.982357049999997
220,W2_0221,-123.92290490000001,45.992097373999997
221,W2_0222,-123.92290490000001,45.992097373999997
222,W2_0223,-123.921922,45.999202500000003
223,W2_0224,-123.9215074,45.997660365000002
224,W2_0225,-123.9102422,45.985004449000002
225,W2_0226,-123.9153354,45.979143719
226,W2_0227,-123.9144197,45.983306493000001
227,W2_0228,-123.910112,46.003525734999997
228,W2_0229,-123.9091782,46.011755356000002
229,W2_0230,-123.90711400000001,45.997372626999997
230,W2_0231,-123.91077540000001,46.014727444999998
231,W2_0232,-123.91045939999999,46.015981812
232,W2_0233,-123.9106326,46.013569779999997
233,W2_0234,-123.9106326,46.013569779999997
234,W2_0235,-123.9102331,45.999485020999998
235,W2_0236,-123.9066636,46.005429665999998
236,W2_0237,-123.9099537,46.004018514000002
237,W2_0238,-123.9099325,46.004420449000001
238,W2_0239,-123.90910580000001,46.001827804999998
239,W2_0240,-123.9111041,45.997897840999997
240,W2_0241,-123.90619820000001,45.997717584999997
241,W2_0242,-123.90619820000001,45.997717584999997
242,W2_0243,-123.90619820000001,45.997717584999997
243,W2_0244,-123.90619820000001,45.997717584999997
244,W2_0245,-123.90797670000001,46.014386350000002
245,W2_0246,-123.9057339,46.011695203999999
246,W2_0247,-123.9004979,46.004221307000002
247,W2_0248,-123.90903419999999,45.993624386
248,W2_0249,-123.9095959,45.990218503000001
249,W2_0250,-123.9117612,45.989013278000002
250,W2_0251,-123.9111726,45.984993246999998
251,W2_0252,-123.91464809999999,45.985156013999998
252,W2_0253,-123.9132355,45.984551500000002
253,W2_0254,-123.9180954,45.996381300000003
254,W2_0255,-123.9182307,45.990653006999999
255,W2_0256,-123.9192575,45.992893500000001
256,W2_0257,-123.9192121,45.992796243999997
257,W2_0258,-123.9153712,45.975469066999999
258,W2_0259,-123.919646,45.994205741999998
259,W2_0260,-123.91729220000001,45.992253079999998
260,W2_0261,-123.91527290000001,45.992791568000001
261,W2_0262,-123.91090920000001,45.992830900999998
262,W2_0263,-123.910922,45.989045965999999
263,W2_0264,-123.912989,45.995819695000002
264,W2_0265,-123.92732220000001,45.993470092999999
265,W2_0266,-123.9273986,45.994783341999998
266,W2_0267,-123.9286907,45.992990143999997
267,W2_0268,-123.92973720000001,45.992404514999997
268,W2_0269,-123.928237,45.992988080000003
269,W2_0270,-123.9279556,45.992647089999998
270,W2_0271,-123.9279569,45.992482938999999
271,W2_0272,-123.9283934,45.992407346999997
272,W2_0273,-123.9282345,45.992406651000003
273,W2_0274,-123.9280751,45.992405693999999
274,W2_0275,-123.9156225,45.981035499999997
275,W2_0276,-123.926666,45.977582546000001
276,W2_0277,-123.9226503,45.98404627
277,W2_0278,-123.9212639,45.997284114000003
278,W2_0279,-123.9221235,45.990101774000003
279,W2_0280,-123.919748,45.990250674999999
280,W2_0281,-123.91045939999999,46.015981812
281,W2_0282,-123.9142532,46.015586868
282,W2_0283,-123.9126605,46.015775087000002
283,W2_0284,-123.91326530000001,46.013044336999997
284,W2_0285,-123.915809,45.992763748000002
285,W2_0286,-123.9148735,46.009922402999997
286,W2_0287,-123.9154929,46.004618714000003
287,W2_0288,-123.9159408,46.011593974999997
288,W2_0289,-123.9263667,46.004513396
289,W2_0290,-123.9228495,45.991619
290,W2_0291,-123.9223193,45.989175580000001
291,W2_0292,-123.92326989999999,45.988873732999998
292,W2_0293,-123.92240750000001,45.984423411999998
293,W2_0294,-123.92385609999999,45.989208468000001
294,W2_0295,-123.9263117,45.982654449999998
295,W2_0296,-123.92413070000001,45.987294351000003
296,W2_0297,-123.9255191,45.984150812000003
297,W2_0298,-123.925149,45.984554000000003
298,W2_0299,-123.92412090000001,45.986701638
299,W2_0300,-123.9267911,45.979939754
300,W2_0301,-123.9203316,45.994280093
301,W2_0302,-123.9226195,45.993961499999997
302,W2_0303,-123.92075250000001,45.994310378999998
303,W2_0304,-123.92238089999999,45.988695634000003
304,W2_0305,-123.9200745,45.994732794000001
305,W2_0306,-123.9200191,45.994955965999999
306,W2_0307,-123.9206714,45.994678102000002
307,W2_0308,-123.9254006,45.971414721000002
308,W2_0309,-123.921922,45.982131244999998
309,W2_0310,-123.9214937,45.981916011000003
310,W2_0311,-123.9233012,45.981456592999997
311,W2_0312,-123.9265985,45.992603977000002
312,W2_0313,-123.9265985,45.992603977000002
313,W2_0314,-123.9275025,45.992408500000003
314,W2_0315,-123.9275025,45.992408500000003
315,W2_0316,-123.9255974,45.992605560999998
316,W2_0317,-123.92731980000001,45.992941459000001
317,W2_0318,-123.92716249999999,45.992482756000001
318,W2_0319,-123.9235769,45.993430181999997
319,W2_0320,-123.9284007,45.980487469000003
320,W2_0321,-123.92249339999999,45.982837752999998
321,W2_0322,-123.9234896,45.991762000000001
322,W2_0323,-123.9240678,45.989660215999997
323,W2_0324,-123.9237688,45.981970994999998
324,W2_0325,-123.9238058,45.982430323999999
325,W2_0326,-123.9286905,45.993354254000003
326,W2_0327,-123.9230453,45.990149355
327,W2_0328,-123.929478,45.994784000000003
328,W2_0329,-123.92569330000001,45.981047338000003
329,W2_0330,-123.92526220000001,45.981116964999998
330,W2_0331,-123.9213846,45.993293506000001
331,W2_0332,-123.9222779,45.993285028000003
332,W2_0333,-123.92159270000001,45.992173065999999
333,W2_0334,-123.9248121,45.983030749000001
334,W2_0335,-123.9267286,45.99210223
335,W2_0336,-123.9224983,45.989522200000003
336,W2_0337,-123.9200513,45.992880646000003
337,W2_0338,-123.9225447,45.992588943000001
338,W2_0339,-123.92640849999999,45.993488036999999
339,W2_0340,-123.9283752,45.994620308000002
340,W2_0341,-123.9275222,45.993320558000001
341,W2_0342,-123.9296004,45.993062645000002
342,W2_0343,-123.92751819999999,45.992938498000001
343,W2_0344,-123.92716919999999,45.992938176000003
344,W2_0345,-123.9262992,45.978201446
345,W2_0346,-123.92565639999999,45.979317426999998
346,W2_0347,-123.9226949,45.993280984000002
347,W2_0348,-123.9214612,45.993295189999998
348,W2_0349,-123.9219094,45.992885895999997
349,W2_0350,-123.9199447,45.990248452000003
350,W2_0351,-123.9244005,45.986726799000003
351,W2_0352,-123.924121,45.985845013000002
352,W2_0353,-123.9223944,45.982506530000002
353,W2_0354,-123.9229349,45.995685786999999
354,W2_0355,-123.91554259999999,46.013770184000002
355,W2_0356,-123.914619,46.006738630000001
356,W2_0357,-123.9144445,46.009403583000001
357,W2_0358,-123.9163361,46.011634968999999
358,W2_0359,-123.9304846,45.988076755000002
359,W2_0360,-123.9320338,45.983973044000003
360,W2_0361,-123.9198669,45.988005020999999
361,W2_0362,-123.9241822,45.986695537000003
362,W2_0363,-123.9223789,45.988369691999999
363,W2_0364,-123.9220397,45.986710037000002
364,W2_0365,-123.9236008,45.991456763000002
365,W2_0366,-123.92303,45.990664506000002
366,W2_0367,-123.92296690000001,45.990891718
367,W2_0368,-123.9234395,45.992624997
368,W2_0369,-123.92279190000001,45.992257793999997
369,W2_0370,-123.922111,45.989982500000004
370,W2_0371,-123.9228181,45.987878129000002
371,W2_0372,-123.9232477,45.989572897000002
372,W2_0373,-123.91983860000001,45.992948323999997
373,W2_0374,-123.9233955,45.994014
374,W2_0375,-123.9235769,45.993430181999997
375,W2_0376,-123.9210096,45.993382806
376,W2_0377,-123.9228215,45.993473000000002
377,W2_0378,-123.9222779,45.993285028000003
378,W2_0379,-123.9255144,45.993373861000002
379,W2_0380,-123.92517290000001,45.993548461000003
380,W2_0381,-123.9222005,45.994264344000001
381,W2_0382,-123.9224377,45.993284791000001
382,W2_0383,-123.92216329999999,45.993287713000001
383,W2_0384,-123.92535719999999,45.971787268
384,W2_0385,-123.92472669999999,45.984850526999999
385,W2_0386,-123.92060720000001,45.982311254000003
386,W2_0387,-123.9212337,45.982316763999997
387,W2_0388,-123.92543550000001,45.983083000000001
388,W2_0389,-123.9266853,45.981574330999997
389,W2_0390,-123.9260263,45.981095023999998
390,W2_0391,-123.9216777,45.982829795000001
391,W2_0392,-123.9187604,45.985231374999998
392,W2_0393,-123.9013325,46.009742000000003
393,W2_0394,-123.905276,46.01117
394,W2_0395,-123.8906807,46.010435760999997
395,W2_0396,-123.9222879,45.985977531000003
396,W2_0397,-123.923374,45.985865500000003
397,W2_0398,-123.92608199999999,45.983384762999997
398,W2_0399,-123.9241675,45.986566500000002
399,W2_0400,-123.92406920000001,45.986966115999998
400,W2_0401,-123.9255191,45.984150812000003
401,W2_0402,-123.9220045,45.982282017999999
402,W2_0403,-123.9235262,45.982427573999999
403,W2_0404,-123.923874,45.983468000000002
404,W2_0405,-123.92388819999999,45.982742747000003
405,W2_0406,-123.92444450000001,45.986785042000001
406,W2_0407,-123.9243786,45.986697677000002
407,W2_0408,-123.904101,46.010618000000001
408,W2_0409,-123.9018999,46.005630254000003
409,W2_0410,-123.9133647,46.009962137999999
410,W2_0411,-123.9134835,46.010640500000001
411,W2_0412,-123.91353220000001,46.008328253000002
412,W2_0413,-123.91346710000001,46.009165535000001
413,W2_0414,-123.9144661,46.007546904000002
414,W2_0415,-123.91249089999999,46.016368923000002
415,W2_0416,-123.9167439,46.011198116000003
416,W2_0417,-123.9290034,45.995988789999998
417,W2_0418,-123.9283573,45.997607000000002
418,W2_0419,-123.9280961,45.994280504999999
419,W2_0420,-123.9280157,45.994523753999999
420,W2_0421,-123.9111662,46.012028473999997
421,W2_0422,-123.90693829999999,46.010821253000003
422,W2_0423,-123.91627339999999,46.011777113000001
423,W2_0424,-123.92627899999999,45.992963957999997
424,W2_0425,-123.92716249999999,45.992482756000001
425,W2_0426,-123.9240678,45.989660215999997
426,W2_0427,-123.9258315,45.981569270999998
427,W2_0428,-123.9286905,45.993354254000003
428,W2_0429,-123.92906619999999,45.993063792999997
429,W2_0430,-123.9257897,45.992959880999997
430,W2_0431,-123.92583810000001,45.992714704999997
431,W2_0432,-123.92502260000001,45.993296237000003
432,W2_0433,-123.9256821,45.992959781000003
433,W2_0434,-123.9249287,45.992910438999999
434,W2_0435,-123.9253958,45.979878280999998
435,W2_0436,-123.9244992,45.986990310000003
436,W2_0437,-123.9244827,45.986892257999997
437,W2_0438,-123.92433459999999,45.986639433999997
438,W2_0439,-123.924088,45.986696131999999
439,W2_0440,-123.9243566,45.986668555000001
440,W2_0441,-123.9240745,45.986566054000001
441,W2_0442,-123.90955940000001,45.989974257999997
442,W2_0443,-123.91003139999999,45.991728354000003
443,W2_0444,-123.90830579999999,45.987887585000003
444,W2_0445,-123.9187795,45.993940027000001
445,W2_0446,-123.91799450000001,45.990900000000003
446,W2_0447,-123.91871829999999,45.992866503000002
447,W2_0448,-123.9206487,45.999863279000003
448,W2_0449,-123.9203316,45.994280093
449,W2_0450,-123.9232937,45.988269977000002
450,W2_0451,-123.920378,46.001707500000002
451,W2_0452,-123.9175108,46.003380745000001
452,W2_0453,-123.91909769999999,46.003267434999998
453,W2_0454,-123.9219959,45.990905136000002
454,W2_0455,-123.919031,45.997950000000003
455,W2_0456,-123.9177766,46.001194021000003
456,W2_0457,-123.912175,46.002722499999997
457,W2_0458,-123.9154929,46.004618714000003
458,W2_0459,-123.91762730000001,45.992112167999998
459,W2_0460,-123.910839,45.999275947999998
460,W2_0461,-123.90619820000001,45.997717584999997
461,W2_0462,-123.90619820000001,45.997717584999997
462,W2_0463,-123.90619820000001,45.997717584999997
463,W2_0464,-123.90619820000001,45.997717584999997
464,W2_0465,-123.92228009999999,45.985918769999998
465,W2_0466,-123.921734,45.9823375
466,W2_0467,-123.9220388,45.986795747000002
467,W2_0468,-123.9229366,45.983107488000002
468,W2_0469,-123.923388,45.986387409999999
469,W2_0470,-123.91620930000001,45.982432336999999
