relative_path,file_name,suffix,size_bytes
.dockerignore,.dockerignore,,152
.editorconfig,.editorconfig,,246
.gitignore,.gitignore,,319
.gitlab-ci.yml,.gitlab-ci.yml,.yml,5945
.markdownlint.yml,.markdownlint.yml,.yml,498
.markdownlintignore,.markdownlintignore,,52
.vscode/extensions.json,extensions.json,.json,469
.vscode/settings.json,settings.json,.json,721
.vscode/tasks.json,tasks.json,.json,638
build.gradle,build.gradle,.gradle,2705
code.json,code.json,.json,2607
CODE_OF_CONDUCT.md,CODE_OF_CONDUCT.md,.md,235
CONTRIBUTING.md,CONTRIBUTING.md,.md,746
DISCLAIMER.md,DISCLAIMER.md,.md,623
Dockerfile,Dockerfile,,2013
docs/pages/About-the-NSHMP.md,About-the-NSHMP.md,.md,1714
docs/pages/Building-&-Running.md,Building-&-Running.md,.md,5716
docs/pages/Calculation-Configuration.md,Calculation-Configuration.md,.md,9482
docs/pages/Code-Versions.md,Code-Versions.md,.md,3116
docs/pages/Developer-Basics.md,Developer-Basics.md,.md,2930
docs/pages/Functional-PSHA.md,Functional-PSHA.md,.md,8117
docs/pages/Ground-Motion-Models.md,Ground-Motion-Models.md,.md,10885
docs/pages/Hazard-Model.md,Hazard-Model.md,.md,2272
docs/pages/images/comp_JSON_vs_XML_0p2-grid-20220216-BC.pdf,comp_JSON_vs_XML_0p2-grid-20220216-BC.pdf,.pdf,8544161
docs/pages/images/JSON_vs_XML-SA0P2-2475.jpg,JSON_vs_XML-SA0P2-2475.jpg,.jpg,249126
docs/pages/images/psha-formula.png,psha-formula.png,.png,38574
docs/pages/images/psha-functional.png,psha-functional.png,.png,11953
docs/pages/images/psha-linear.png,psha-linear.png,.png,14814
docs/pages/images/tree-branches-combined.png,tree-branches-combined.png,.png,265744
docs/pages/images/tree-example.png,tree-example.png,.png,168316
docs/pages/images/tree-types.png,tree-types.png,.png,323787
docs/pages/images/usgs-icon.png,usgs-icon.png,.png,1098
docs/pages/Implementation-Details.md,Implementation-Details.md,.md,831
docs/pages/Logic-Trees-&-Uncertainty.md,Logic-Trees-&-Uncertainty.md,.md,7619
docs/pages/Magnitude-Frequency-Distributions.md,Magnitude-Frequency-Distributions.md,.md,5189
docs/pages/Model-Editions.md,Model-Editions.md,.md,7365
docs/pages/Model-Files.md,Model-Files.md,.md,7712
docs/pages/Model-Structure.md,Model-Structure.md,.md,9961
docs/pages/Rupture-Scaling-Relations.md,Rupture-Scaling-Relations.md,.md,4666
docs/pages/Site-Specification.md,Site-Specification.md,.md,5105
docs/pages/Source-Types.md,Source-Types.md,.md,15709
docs/pages/USGS-Models.md,USGS-Models.md,.md,2132
docs/pages/Using-Docker.md,Using-Docker.md,.md,8622
docs/pages/Web-Services.md,Web-Services.md,.md,4977
docs/README.md,README.md,.md,2658
etc/examples/1-hazard-curve/README.md,README.md,.md,2156
etc/examples/1-hazard-curve/site.csv,site.csv,.csv,37
etc/examples/2-custom-config/config.json,config.json,.json,682
etc/examples/2-custom-config/README.md,README.md,.md,1613
etc/examples/2-custom-config/site.csv,site.csv,.csv,43
etc/examples/3-sites-file/config.json,config.json,.json,640
etc/examples/3-sites-file/README.md,README.md,.md,1324
etc/examples/3-sites-file/sites.csv,sites.csv,.csv,264
etc/examples/3-sites-file/sites.geojson,sites.geojson,.geojson,1881
etc/examples/4-hazard-map/config.json,config.json,.json,136
etc/examples/4-hazard-map/map.geojson,map.geojson,.geojson,422
etc/examples/4-hazard-map/README.md,README.md,.md,1140
etc/examples/5-complex-model/config-map.json,config-map.json,.json,102
etc/examples/5-complex-model/config-sites.json,config-sites.json,.json,104
etc/examples/5-complex-model/map.geojson,map.geojson,.geojson,422
etc/examples/5-complex-model/README.md,README.md,.md,3585
etc/examples/5-complex-model/sites.geojson,sites.geojson,.geojson,1107
etc/examples/6-enhanced-output/config.json,config.json,.json,141
etc/examples/6-enhanced-output/README.md,README.md,.md,2446
etc/examples/6-enhanced-output/sites.geojson,sites.geojson,.geojson,1107
etc/examples/7-disaggregation/config.json,config.json,.json,131
etc/examples/7-disaggregation/README.md,README.md,.md,3173
etc/examples/7-disaggregation/sites.csv,sites.csv,.csv,170
etc/examples/README.md,README.md,.md,737
etc/matlab/hazard_curves.m,hazard_curves.m,.m,2951
etc/matlab/README.md,README.md,.md,252
etc/nshm/map-alaska.geojson,map-alaska.geojson,.geojson,1437
etc/nshm/map-ceus.geojson,map-ceus.geojson,.geojson,2835
etc/nshm/map-conus.geojson,map-conus.geojson,.geojson,2825
etc/nshm/map-cybershake.geojson,map-cybershake.geojson,.geojson,461
etc/nshm/map-hawaii.geojson,map-hawaii.geojson,.geojson,2470
etc/nshm/map-la-basin.geojson,map-la-basin.geojson,.geojson,460
etc/nshm/map-new-madrid.geojson,map-new-madrid.geojson,.geojson,439
etc/nshm/map-nshmp-all.geojson,map-nshmp-all.geojson,.geojson,2683
etc/nshm/map-prvi.geojson,map-prvi.geojson,.geojson,1617
etc/nshm/map-puget.geojson,map-puget.geojson,.geojson,434
etc/nshm/map-sf-bay.geojson,map-sf-bay.geojson,.geojson,468
etc/nshm/map-ucerf3-nshm-clip.geojson,map-ucerf3-nshm-clip.geojson,.geojson,960
etc/nshm/map-ucerf3-nshm.geojson,map-ucerf3-nshm.geojson,.geojson,703
etc/nshm/map-ucerf3-relm.geojson,map-ucerf3-relm.geojson,.geojson,798
etc/nshm/map-wasatch.geojson,map-wasatch.geojson,.geojson,454
etc/nshm/map-wus.geojson,map-wus.geojson,.geojson,2817
etc/nshm/README.md,README.md,.md,113
etc/nshm/sites-alaska.csv,sites-alaska.csv,.csv,1620
etc/nshm/sites-alaska.geojson,sites-alaska.geojson,.geojson,7848
etc/nshm/sites-amsam.csv,sites-amsam.csv,.csv,405
etc/nshm/sites-amsam.geojson,sites-amsam.geojson,.geojson,1866
etc/nshm/sites-ciapr.csv,sites-ciapr.csv,.csv,3393
etc/nshm/sites-ciapr.geojson,sites-ciapr.geojson,.geojson,15551
etc/nshm/sites-conus.csv,sites-conus.csv,.csv,7515
etc/nshm/sites-conus.geojson,sites-conus.geojson,.geojson,37282
etc/nshm/sites-cybershake-vs30-cvm.csv,sites-cybershake-vs30-cvm.csv,.csv,4480
etc/nshm/sites-cybershake-vs30-cvm.geojson,sites-cybershake-vs30-cvm.geojson,.geojson,18360
etc/nshm/sites-cybershake-vs30-wills.csv,sites-cybershake-vs30-wills.csv,.csv,4480
etc/nshm/sites-cybershake-vs30-wills.geojson,sites-cybershake-vs30-wills.geojson,.geojson,18354
etc/nshm/sites-cybershake.csv,sites-cybershake.csv,.csv,3136
etc/nshm/sites-cybershake.geojson,sites-cybershake.geojson,.geojson,14146
etc/nshm/sites-gnmi.csv,sites-gnmi.csv,.csv,540
etc/nshm/sites-gnmi.geojson,sites-gnmi.geojson,.geojson,2503
etc/nshm/sites-hawaii.csv,sites-hawaii.csv,.csv,1710
etc/nshm/sites-hawaii.geojson,sites-hawaii.geojson,.geojson,8401
etc/nshm/sites-nehrp.csv,sites-nehrp.csv,.csv,1575
etc/nshm/sites-nehrp.geojson,sites-nehrp.geojson,.geojson,7694
etc/nshm/sites-nrc.csv,sites-nrc.csv,.csv,3420
etc/nshm/sites-nrc.geojson,sites-nrc.geojson,.geojson,16807
etc/nshm/sites-nshmp.csv,sites-nshmp.csv,.csv,16870
etc/nshm/sites-nshmp.geojson,sites-nshmp.geojson,.geojson,77277
etc/nshm/sites-nureg.csv,sites-nureg.csv,.csv,376
etc/nshm/sites-nureg.geojson,sites-nureg.geojson,.geojson,1631
etc/nshm/sites-prvi.csv,sites-prvi.csv,.csv,4277
etc/nshm/sites-prvi.geojson,sites-prvi.geojson,.geojson,19647
etc/nshm/wus-ceus-attenuation-boundary-2023.geojson,wus-ceus-attenuation-boundary-2023.geojson,.geojson,1367
etc/nshm/wus-ceus-boundary.geojson,wus-ceus-boundary.geojson,.geojson,1485
etc/peer/docs/Set 1 Instructions Rev8-4.pdf,Set 1 Instructions Rev8-4.pdf,.pdf,216996
etc/peer/docs/Set 2 Part 1 Instructions Rev8-4 .pdf,Set 2 Part 1 Instructions Rev8-4 .pdf,.pdf,706009
etc/peer/docs/Set 3 Instructions Rev 10-18b.pdf,Set 3 Instructions Rev 10-18b.pdf,.pdf,190980
etc/peer/models/Set1-Case10-fast/active-crust/gmm-config.json,gmm-config.json,.json,81
etc/peer/models/Set1-Case10-fast/active-crust/gmm-tree.json,gmm-tree.json,.json,43
etc/peer/models/Set1-Case10-fast/active-crust/zone/mfd-config.json,mfd-config.json,.json,115
etc/peer/models/Set1-Case10-fast/active-crust/zone/mfd-map.json,mfd-map.json,.json,3784
etc/peer/models/Set1-Case10-fast/active-crust/zone/set1-case10/set1-case10.csv,set1-case10.csv,.csv,18
etc/peer/models/Set1-Case10-fast/active-crust/zone/set1-case10/set1-case10.geojson,set1-case10.geojson,.geojson,2632
etc/peer/models/Set1-Case10-fast/active-crust/zone/source-tree.json,source-tree.json,.json,55
etc/peer/models/Set1-Case10-fast/active-crust/zone/tree-info.json,tree-info.json,.json,14
etc/peer/models/Set1-Case10-fast/active-crust/zone/zone-config.json,zone-config.json,.json,433
etc/peer/models/Set1-Case10-fast/calc-config.json,calc-config.json,.json,282
etc/peer/models/Set1-Case10-fast/model-info.json,model-info.json,.json,203
etc/peer/models/Set1-Case10-fast/sites.csv,sites.csv,.csv,153
etc/peer/models/Set1-Case10/active-crust/gmm-config.json,gmm-config.json,.json,81
etc/peer/models/Set1-Case10/active-crust/gmm-tree.json,gmm-tree.json,.json,43
etc/peer/models/Set1-Case10/active-crust/zone/mfd-config.json,mfd-config.json,.json,115
etc/peer/models/Set1-Case10/active-crust/zone/mfd-map.json,mfd-map.json,.json,3784
etc/peer/models/Set1-Case10/active-crust/zone/set1-case10/set1-case10.csv,set1-case10.csv,.csv,18
etc/peer/models/Set1-Case10/active-crust/zone/set1-case10/set1-case10.geojson,set1-case10.geojson,.geojson,2632
etc/peer/models/Set1-Case10/active-crust/zone/source-tree.json,source-tree.json,.json,55
etc/peer/models/Set1-Case10/active-crust/zone/tree-info.json,tree-info.json,.json,14
etc/peer/models/Set1-Case10/active-crust/zone/zone-config.json,zone-config.json,.json,433
etc/peer/models/Set1-Case10/calc-config.json,calc-config.json,.json,282
etc/peer/models/Set1-Case10/model-info.json,model-info.json,.json,198
etc/peer/models/Set1-Case10/sites.csv,sites.csv,.csv,153
etc/peer/models/Set1-Case11-fast/active-crust/gmm-config.json,gmm-config.json,.json,81
etc/peer/models/Set1-Case11-fast/active-crust/gmm-tree.json,gmm-tree.json,.json,43
etc/peer/models/Set1-Case11-fast/active-crust/zone/mfd-config.json,mfd-config.json,.json,115
etc/peer/models/Set1-Case11-fast/active-crust/zone/mfd-map.json,mfd-map.json,.json,3784
etc/peer/models/Set1-Case11-fast/active-crust/zone/set1-case11/set1-case11.csv,set1-case11.csv,.csv,18
etc/peer/models/Set1-Case11-fast/active-crust/zone/set1-case11/set1-case11.geojson,set1-case11.geojson,.geojson,2632
etc/peer/models/Set1-Case11-fast/active-crust/zone/source-tree.json,source-tree.json,.json,55
etc/peer/models/Set1-Case11-fast/active-crust/zone/tree-info.json,tree-info.json,.json,14
etc/peer/models/Set1-Case11-fast/active-crust/zone/zone-config.json,zone-config.json,.json,727
etc/peer/models/Set1-Case11-fast/calc-config.json,calc-config.json,.json,282
etc/peer/models/Set1-Case11-fast/model-info.json,model-info.json,.json,203
etc/peer/models/Set1-Case11-fast/sites.csv,sites.csv,.csv,153
etc/peer/models/Set1-Case11/active-crust/gmm-config.json,gmm-config.json,.json,81
etc/peer/models/Set1-Case11/active-crust/gmm-tree.json,gmm-tree.json,.json,43
etc/peer/models/Set1-Case11/active-crust/zone/mfd-config.json,mfd-config.json,.json,115
etc/peer/models/Set1-Case11/active-crust/zone/mfd-map.json,mfd-map.json,.json,3784
etc/peer/models/Set1-Case11/active-crust/zone/set1-case11/set1-case11.csv,set1-case11.csv,.csv,18
etc/peer/models/Set1-Case11/active-crust/zone/set1-case11/set1-case11.geojson,set1-case11.geojson,.geojson,2632
etc/peer/models/Set1-Case11/active-crust/zone/source-tree.json,source-tree.json,.json,55
etc/peer/models/Set1-Case11/active-crust/zone/tree-info.json,tree-info.json,.json,14
etc/peer/models/Set1-Case11/active-crust/zone/zone-config.json,zone-config.json,.json,728
etc/peer/models/Set1-Case11/calc-config.json,calc-config.json,.json,282
etc/peer/models/Set1-Case11/model-info.json,model-info.json,.json,198
etc/peer/models/Set1-Case11/sites.csv,sites.csv,.csv,153
etc/peer/models/Set1-Case1/active-crust/fault/fault-config.json,fault-config.json,.json,133
etc/peer/models/Set1-Case1/active-crust/fault/features/set1-case1.geojson,set1-case1.geojson,.geojson,375
etc/peer/models/Set1-Case1/active-crust/fault/mfd-config.json,mfd-config.json,.json,115
etc/peer/models/Set1-Case1/active-crust/fault/mfd-map.json,mfd-map.json,.json,187
etc/peer/models/Set1-Case1/active-crust/fault/set1-case1/rupture-set.json,rupture-set.json,.json,75
etc/peer/models/Set1-Case1/active-crust/fault/source-tree.json,source-tree.json,.json,54
etc/peer/models/Set1-Case1/active-crust/fault/tree-info.json,tree-info.json,.json,14
etc/peer/models/Set1-Case1/active-crust/gmm-config.json,gmm-config.json,.json,81
etc/peer/models/Set1-Case1/active-crust/gmm-tree.json,gmm-tree.json,.json,43
etc/peer/models/Set1-Case1/calc-config.json,calc-config.json,.json,272
etc/peer/models/Set1-Case1/model-info.json,model-info.json,.json,197
etc/peer/models/Set1-Case1/sites.csv,sites.csv,.csv,278
etc/peer/models/Set1-Case2-fast/active-crust/fault/fault-config.json,fault-config.json,.json,132
etc/peer/models/Set1-Case2-fast/active-crust/fault/features/set1-case2.geojson,set1-case2.geojson,.geojson,375
etc/peer/models/Set1-Case2-fast/active-crust/fault/mfd-config.json,mfd-config.json,.json,115
etc/peer/models/Set1-Case2-fast/active-crust/fault/mfd-map.json,mfd-map.json,.json,186
etc/peer/models/Set1-Case2-fast/active-crust/fault/set1-case2/rupture-set.json,rupture-set.json,.json,75
etc/peer/models/Set1-Case2-fast/active-crust/fault/source-tree.json,source-tree.json,.json,54
etc/peer/models/Set1-Case2-fast/active-crust/fault/tree-info.json,tree-info.json,.json,14
etc/peer/models/Set1-Case2-fast/active-crust/gmm-config.json,gmm-config.json,.json,81
etc/peer/models/Set1-Case2-fast/active-crust/gmm-tree.json,gmm-tree.json,.json,43
etc/peer/models/Set1-Case2-fast/calc-config.json,calc-config.json,.json,272
etc/peer/models/Set1-Case2-fast/model-info.json,model-info.json,.json,202
etc/peer/models/Set1-Case2-fast/sites.csv,sites.csv,.csv,278
etc/peer/models/Set1-Case2/active-crust/fault/fault-config.json,fault-config.json,.json,133
etc/peer/models/Set1-Case2/active-crust/fault/features/set1-case2.geojson,set1-case2.geojson,.geojson,375
etc/peer/models/Set1-Case2/active-crust/fault/mfd-config.json,mfd-config.json,.json,115
etc/peer/models/Set1-Case2/active-crust/fault/mfd-map.json,mfd-map.json,.json,186
etc/peer/models/Set1-Case2/active-crust/fault/set1-case2/rupture-set.json,rupture-set.json,.json,75
etc/peer/models/Set1-Case2/active-crust/fault/source-tree.json,source-tree.json,.json,54
etc/peer/models/Set1-Case2/active-crust/fault/tree-info.json,tree-info.json,.json,14
etc/peer/models/Set1-Case2/active-crust/gmm-config.json,gmm-config.json,.json,81
etc/peer/models/Set1-Case2/active-crust/gmm-tree.json,gmm-tree.json,.json,43
etc/peer/models/Set1-Case2/calc-config.json,calc-config.json,.json,272
etc/peer/models/Set1-Case2/model-info.json,model-info.json,.json,197
etc/peer/models/Set1-Case2/sites.csv,sites.csv,.csv,278
etc/peer/models/Set1-Case3-fast/active-crust/fault/fault-config.json,fault-config.json,.json,149
etc/peer/models/Set1-Case3-fast/active-crust/fault/features/set1-case3.geojson,set1-case3.geojson,.geojson,375
etc/peer/models/Set1-Case3-fast/active-crust/fault/mfd-config.json,mfd-config.json,.json,115
etc/peer/models/Set1-Case3-fast/active-crust/fault/mfd-map.json,mfd-map.json,.json,186
etc/peer/models/Set1-Case3-fast/active-crust/fault/set1-case3/rupture-set.json,rupture-set.json,.json,75
etc/peer/models/Set1-Case3-fast/active-crust/fault/source-tree.json,source-tree.json,.json,54
etc/peer/models/Set1-Case3-fast/active-crust/fault/tree-info.json,tree-info.json,.json,14
etc/peer/models/Set1-Case3-fast/active-crust/gmm-config.json,gmm-config.json,.json,81
etc/peer/models/Set1-Case3-fast/active-crust/gmm-tree.json,gmm-tree.json,.json,43
etc/peer/models/Set1-Case3-fast/calc-config.json,calc-config.json,.json,272
etc/peer/models/Set1-Case3-fast/model-info.json,model-info.json,.json,202
etc/peer/models/Set1-Case3-fast/sites.csv,sites.csv,.csv,278
etc/peer/models/Set1-Case3/active-crust/fault/fault-config.json,fault-config.json,.json,150
etc/peer/models/Set1-Case3/active-crust/fault/features/set1-case3.geojson,set1-case3.geojson,.geojson,375
etc/peer/models/Set1-Case3/active-crust/fault/mfd-config.json,mfd-config.json,.json,115
etc/peer/models/Set1-Case3/active-crust/fault/mfd-map.json,mfd-map.json,.json,186
etc/peer/models/Set1-Case3/active-crust/fault/set1-case3/rupture-set.json,rupture-set.json,.json,75
etc/peer/models/Set1-Case3/active-crust/fault/source-tree.json,source-tree.json,.json,54
etc/peer/models/Set1-Case3/active-crust/fault/tree-info.json,tree-info.json,.json,14
etc/peer/models/Set1-Case3/active-crust/gmm-config.json,gmm-config.json,.json,81
etc/peer/models/Set1-Case3/active-crust/gmm-tree.json,gmm-tree.json,.json,43
etc/peer/models/Set1-Case3/calc-config.json,calc-config.json,.json,272
etc/peer/models/Set1-Case3/model-info.json,model-info.json,.json,202
etc/peer/models/Set1-Case3/sites.csv,sites.csv,.csv,278
etc/peer/models/Set1-Case4-fast/active-crust/fault/fault-config.json,fault-config.json,.json,132
etc/peer/models/Set1-Case4-fast/active-crust/fault/features/set1-case4.geojson,set1-case4.geojson,.geojson,376
etc/peer/models/Set1-Case4-fast/active-crust/fault/mfd-config.json,mfd-config.json,.json,115
etc/peer/models/Set1-Case4-fast/active-crust/fault/mfd-map.json,mfd-map.json,.json,186
etc/peer/models/Set1-Case4-fast/active-crust/fault/set1-case4/rupture-set.json,rupture-set.json,.json,75
etc/peer/models/Set1-Case4-fast/active-crust/fault/source-tree.json,source-tree.json,.json,54
etc/peer/models/Set1-Case4-fast/active-crust/fault/tree-info.json,tree-info.json,.json,14
etc/peer/models/Set1-Case4-fast/active-crust/gmm-config.json,gmm-config.json,.json,81
etc/peer/models/Set1-Case4-fast/active-crust/gmm-tree.json,gmm-tree.json,.json,43
etc/peer/models/Set1-Case4-fast/calc-config.json,calc-config.json,.json,272
etc/peer/models/Set1-Case4-fast/model-info.json,model-info.json,.json,202
etc/peer/models/Set1-Case4-fast/sites.csv,sites.csv,.csv,278
etc/peer/models/Set1-Case4/active-crust/fault/fault-config.json,fault-config.json,.json,133
etc/peer/models/Set1-Case4/active-crust/fault/features/set1-case4.geojson,set1-case4.geojson,.geojson,376
etc/peer/models/Set1-Case4/active-crust/fault/mfd-config.json,mfd-config.json,.json,115
etc/peer/models/Set1-Case4/active-crust/fault/mfd-map.json,mfd-map.json,.json,186
etc/peer/models/Set1-Case4/active-crust/fault/set1-case4/rupture-set.json,rupture-set.json,.json,75
etc/peer/models/Set1-Case4/active-crust/fault/source-tree.json,source-tree.json,.json,54
etc/peer/models/Set1-Case4/active-crust/fault/tree-info.json,tree-info.json,.json,14
etc/peer/models/Set1-Case4/active-crust/gmm-config.json,gmm-config.json,.json,81
etc/peer/models/Set1-Case4/active-crust/gmm-tree.json,gmm-tree.json,.json,43
etc/peer/models/Set1-Case4/calc-config.json,calc-config.json,.json,272
etc/peer/models/Set1-Case4/model-info.json,model-info.json,.json,197
etc/peer/models/Set1-Case4/sites.csv,sites.csv,.csv,278
etc/peer/models/Set1-Case5-fast/active-crust/fault/fault-config.json,fault-config.json,.json,132
etc/peer/models/Set1-Case5-fast/active-crust/fault/features/set1-case5.geojson,set1-case5.geojson,.geojson,375
etc/peer/models/Set1-Case5-fast/active-crust/fault/mfd-config.json,mfd-config.json,.json,115
etc/peer/models/Set1-Case5-fast/active-crust/fault/mfd-map.json,mfd-map.json,.json,3782
etc/peer/models/Set1-Case5-fast/active-crust/fault/set1-case5/rupture-set.json,rupture-set.json,.json,75
etc/peer/models/Set1-Case5-fast/active-crust/fault/source-tree.json,source-tree.json,.json,54
etc/peer/models/Set1-Case5-fast/active-crust/fault/tree-info.json,tree-info.json,.json,14
etc/peer/models/Set1-Case5-fast/active-crust/gmm-config.json,gmm-config.json,.json,81
etc/peer/models/Set1-Case5-fast/active-crust/gmm-tree.json,gmm-tree.json,.json,43
etc/peer/models/Set1-Case5-fast/calc-config.json,calc-config.json,.json,272
etc/peer/models/Set1-Case5-fast/model-info.json,model-info.json,.json,202
etc/peer/models/Set1-Case5-fast/sites.csv,sites.csv,.csv,278
etc/peer/models/Set1-Case5/active-crust/fault/fault-config.json,fault-config.json,.json,132
etc/peer/models/Set1-Case5/active-crust/fault/features/set1-case5.geojson,set1-case5.geojson,.geojson,375
etc/peer/models/Set1-Case5/active-crust/fault/mfd-config.json,mfd-config.json,.json,115
etc/peer/models/Set1-Case5/active-crust/fault/mfd-map.json,mfd-map.json,.json,3782
etc/peer/models/Set1-Case5/active-crust/fault/set1-case5/rupture-set.json,rupture-set.json,.json,75
etc/peer/models/Set1-Case5/active-crust/fault/source-tree.json,source-tree.json,.json,54
etc/peer/models/Set1-Case5/active-crust/fault/tree-info.json,tree-info.json,.json,14
etc/peer/models/Set1-Case5/active-crust/gmm-config.json,gmm-config.json,.json,81
etc/peer/models/Set1-Case5/active-crust/gmm-tree.json,gmm-tree.json,.json,43
etc/peer/models/Set1-Case5/calc-config.json,calc-config.json,.json,272
etc/peer/models/Set1-Case5/model-info.json,model-info.json,.json,202
etc/peer/models/Set1-Case5/sites.csv,sites.csv,.csv,278
etc/peer/models/Set1-Case6-fast/active-crust/fault/fault-config.json,fault-config.json,.json,132
etc/peer/models/Set1-Case6-fast/active-crust/fault/features/set1-case6.geojson,set1-case6.geojson,.geojson,375
etc/peer/models/Set1-Case6-fast/active-crust/fault/mfd-config.json,mfd-config.json,.json,115
etc/peer/models/Set1-Case6-fast/active-crust/fault/mfd-map.json,mfd-map.json,.json,3782
etc/peer/models/Set1-Case6-fast/active-crust/fault/set1-case6/rupture-set.json,rupture-set.json,.json,75
etc/peer/models/Set1-Case6-fast/active-crust/fault/source-tree.json,source-tree.json,.json,54
etc/peer/models/Set1-Case6-fast/active-crust/fault/tree-info.json,tree-info.json,.json,14
etc/peer/models/Set1-Case6-fast/active-crust/gmm-config.json,gmm-config.json,.json,81
etc/peer/models/Set1-Case6-fast/active-crust/gmm-tree.json,gmm-tree.json,.json,43
etc/peer/models/Set1-Case6-fast/calc-config.json,calc-config.json,.json,272
etc/peer/models/Set1-Case6-fast/model-info.json,model-info.json,.json,202
etc/peer/models/Set1-Case6-fast/sites.csv,sites.csv,.csv,278
etc/peer/models/Set1-Case6/active-crust/fault/fault-config.json,fault-config.json,.json,132
etc/peer/models/Set1-Case6/active-crust/fault/features/set1-case6.geojson,set1-case6.geojson,.geojson,375
etc/peer/models/Set1-Case6/active-crust/fault/mfd-config.json,mfd-config.json,.json,115
etc/peer/models/Set1-Case6/active-crust/fault/mfd-map.json,mfd-map.json,.json,3782
etc/peer/models/Set1-Case6/active-crust/fault/set1-case6/rupture-set.json,rupture-set.json,.json,75
etc/peer/models/Set1-Case6/active-crust/fault/source-tree.json,source-tree.json,.json,54
etc/peer/models/Set1-Case6/active-crust/fault/tree-info.json,tree-info.json,.json,14
etc/peer/models/Set1-Case6/active-crust/gmm-config.json,gmm-config.json,.json,81
etc/peer/models/Set1-Case6/active-crust/gmm-tree.json,gmm-tree.json,.json,43
etc/peer/models/Set1-Case6/calc-config.json,calc-config.json,.json,272
etc/peer/models/Set1-Case6/model-info.json,model-info.json,.json,202
etc/peer/models/Set1-Case6/sites.csv,sites.csv,.csv,278
etc/peer/models/Set1-Case7-fast/active-crust/fault/fault-config.json,fault-config.json,.json,132
etc/peer/models/Set1-Case7-fast/active-crust/fault/features/set1-case7.geojson,set1-case7.geojson,.geojson,375
etc/peer/models/Set1-Case7-fast/active-crust/fault/mfd-config.json,mfd-config.json,.json,115
etc/peer/models/Set1-Case7-fast/active-crust/fault/mfd-map.json,mfd-map.json,.json,3672
etc/peer/models/Set1-Case7-fast/active-crust/fault/set1-case7/rupture-set.json,rupture-set.json,.json,75
etc/peer/models/Set1-Case7-fast/active-crust/fault/source-tree.json,source-tree.json,.json,54
etc/peer/models/Set1-Case7-fast/active-crust/fault/tree-info.json,tree-info.json,.json,14
etc/peer/models/Set1-Case7-fast/active-crust/gmm-config.json,gmm-config.json,.json,81
etc/peer/models/Set1-Case7-fast/active-crust/gmm-tree.json,gmm-tree.json,.json,43
etc/peer/models/Set1-Case7-fast/calc-config.json,calc-config.json,.json,272
etc/peer/models/Set1-Case7-fast/model-info.json,model-info.json,.json,202
etc/peer/models/Set1-Case7-fast/sites.csv,sites.csv,.csv,278
etc/peer/models/Set1-Case7/active-crust/fault/fault-config.json,fault-config.json,.json,132
etc/peer/models/Set1-Case7/active-crust/fault/features/set1-case7.geojson,set1-case7.geojson,.geojson,375
etc/peer/models/Set1-Case7/active-crust/fault/mfd-config.json,mfd-config.json,.json,115
etc/peer/models/Set1-Case7/active-crust/fault/mfd-map.json,mfd-map.json,.json,3672
etc/peer/models/Set1-Case7/active-crust/fault/set1-case7/rupture-set.json,rupture-set.json,.json,75
etc/peer/models/Set1-Case7/active-crust/fault/source-tree.json,source-tree.json,.json,54
etc/peer/models/Set1-Case7/active-crust/fault/tree-info.json,tree-info.json,.json,14
etc/peer/models/Set1-Case7/active-crust/gmm-config.json,gmm-config.json,.json,81
etc/peer/models/Set1-Case7/active-crust/gmm-tree.json,gmm-tree.json,.json,43
etc/peer/models/Set1-Case7/calc-config.json,calc-config.json,.json,272
etc/peer/models/Set1-Case7/model-info.json,model-info.json,.json,202
etc/peer/models/Set1-Case7/sites.csv,sites.csv,.csv,278
etc/peer/models/Set1-Case8a/active-crust/fault/fault-config.json,fault-config.json,.json,132
etc/peer/models/Set1-Case8a/active-crust/fault/features/set1-case8a.geojson,set1-case8a.geojson,.geojson,376
etc/peer/models/Set1-Case8a/active-crust/fault/mfd-config.json,mfd-config.json,.json,115
etc/peer/models/Set1-Case8a/active-crust/fault/mfd-map.json,mfd-map.json,.json,188
etc/peer/models/Set1-Case8a/active-crust/fault/set1-case8a/rupture-set.json,rupture-set.json,.json,77
etc/peer/models/Set1-Case8a/active-crust/fault/source-tree.json,source-tree.json,.json,55
etc/peer/models/Set1-Case8a/active-crust/fault/tree-info.json,tree-info.json,.json,14
etc/peer/models/Set1-Case8a/active-crust/gmm-config.json,gmm-config.json,.json,81
etc/peer/models/Set1-Case8a/active-crust/gmm-tree.json,gmm-tree.json,.json,43
etc/peer/models/Set1-Case8a/calc-config.json,calc-config.json,.json,282
etc/peer/models/Set1-Case8a/model-info.json,model-info.json,.json,198
etc/peer/models/Set1-Case8a/sites.csv,sites.csv,.csv,278
etc/peer/models/Set1-Case8b/active-crust/fault/fault-config.json,fault-config.json,.json,133
etc/peer/models/Set1-Case8b/active-crust/fault/features/set1-case8b.geojson,set1-case8b.geojson,.geojson,376
etc/peer/models/Set1-Case8b/active-crust/fault/mfd-config.json,mfd-config.json,.json,115
etc/peer/models/Set1-Case8b/active-crust/fault/mfd-map.json,mfd-map.json,.json,188
etc/peer/models/Set1-Case8b/active-crust/fault/set1-case8b/rupture-set.json,rupture-set.json,.json,77
etc/peer/models/Set1-Case8b/active-crust/fault/source-tree.json,source-tree.json,.json,55
etc/peer/models/Set1-Case8b/active-crust/fault/tree-info.json,tree-info.json,.json,14
etc/peer/models/Set1-Case8b/active-crust/gmm-config.json,gmm-config.json,.json,81
etc/peer/models/Set1-Case8b/active-crust/gmm-tree.json,gmm-tree.json,.json,43
etc/peer/models/Set1-Case8b/calc-config.json,calc-config.json,.json,317
etc/peer/models/Set1-Case8b/model-info.json,model-info.json,.json,198
etc/peer/models/Set1-Case8b/sites.csv,sites.csv,.csv,278
etc/peer/models/Set1-Case8c/active-crust/fault/fault-config.json,fault-config.json,.json,133
etc/peer/models/Set1-Case8c/active-crust/fault/features/set1-case8c.geojson,set1-case8c.geojson,.geojson,376
etc/peer/models/Set1-Case8c/active-crust/fault/mfd-config.json,mfd-config.json,.json,115
etc/peer/models/Set1-Case8c/active-crust/fault/mfd-map.json,mfd-map.json,.json,188
etc/peer/models/Set1-Case8c/active-crust/fault/set1-case8c/rupture-set.json,rupture-set.json,.json,77
etc/peer/models/Set1-Case8c/active-crust/fault/source-tree.json,source-tree.json,.json,55
etc/peer/models/Set1-Case8c/active-crust/fault/tree-info.json,tree-info.json,.json,14
etc/peer/models/Set1-Case8c/active-crust/gmm-config.json,gmm-config.json,.json,81
etc/peer/models/Set1-Case8c/active-crust/gmm-tree.json,gmm-tree.json,.json,43
etc/peer/models/Set1-Case8c/calc-config.json,calc-config.json,.json,317
etc/peer/models/Set1-Case8c/model-info.json,model-info.json,.json,198
etc/peer/models/Set1-Case8c/sites.csv,sites.csv,.csv,278
etc/peer/models/Set2-Case2a-fast/active-crust/fault/fault-config.json,fault-config.json,.json,132
etc/peer/models/Set2-Case2a-fast/active-crust/fault/features/fault3.geojson,fault3.geojson,.geojson,369
etc/peer/models/Set2-Case2a-fast/active-crust/fault/mfd-config.json,mfd-config.json,.json,114
etc/peer/models/Set2-Case2a-fast/active-crust/fault/mfd-map.json,mfd-map.json,.json,4968
etc/peer/models/Set2-Case2a-fast/active-crust/fault/set2-case2/rupture-set.json,rupture-set.json,.json,75
etc/peer/models/Set2-Case2a-fast/active-crust/fault/source-tree.json,source-tree.json,.json,54
etc/peer/models/Set2-Case2a-fast/active-crust/fault/tree-info.json,tree-info.json,.json,14
etc/peer/models/Set2-Case2a-fast/active-crust/gmm-config.json,gmm-config.json,.json,81
etc/peer/models/Set2-Case2a-fast/active-crust/gmm-tree.json,gmm-tree.json,.json,54
etc/peer/models/Set2-Case2a-fast/calc-config.json,calc-config.json,.json,282
etc/peer/models/Set2-Case2a-fast/model-info.json,model-info.json,.json,200
etc/peer/models/Set2-Case2a-fast/sites.csv,sites.csv,.csv,364
etc/peer/models/Set2-Case2a/active-crust/fault/fault-config.json,fault-config.json,.json,133
etc/peer/models/Set2-Case2a/active-crust/fault/features/fault3.geojson,fault3.geojson,.geojson,369
etc/peer/models/Set2-Case2a/active-crust/fault/mfd-config.json,mfd-config.json,.json,114
etc/peer/models/Set2-Case2a/active-crust/fault/mfd-map.json,mfd-map.json,.json,4968
etc/peer/models/Set2-Case2a/active-crust/fault/set2-case2/rupture-set.json,rupture-set.json,.json,75
etc/peer/models/Set2-Case2a/active-crust/fault/source-tree.json,source-tree.json,.json,54
etc/peer/models/Set2-Case2a/active-crust/fault/tree-info.json,tree-info.json,.json,14
etc/peer/models/Set2-Case2a/active-crust/gmm-config.json,gmm-config.json,.json,81
etc/peer/models/Set2-Case2a/active-crust/gmm-tree.json,gmm-tree.json,.json,54
etc/peer/models/Set2-Case2a/calc-config.json,calc-config.json,.json,282
etc/peer/models/Set2-Case2a/model-info.json,model-info.json,.json,195
etc/peer/models/Set2-Case2a/sites.csv,sites.csv,.csv,364
etc/peer/models/Set2-Case2b-fast/active-crust/fault/fault-config.json,fault-config.json,.json,132
etc/peer/models/Set2-Case2b-fast/active-crust/fault/features/fault3.geojson,fault3.geojson,.geojson,369
etc/peer/models/Set2-Case2b-fast/active-crust/fault/mfd-config.json,mfd-config.json,.json,114
etc/peer/models/Set2-Case2b-fast/active-crust/fault/mfd-map.json,mfd-map.json,.json,4968
etc/peer/models/Set2-Case2b-fast/active-crust/fault/set2-case2/rupture-set.json,rupture-set.json,.json,75
etc/peer/models/Set2-Case2b-fast/active-crust/fault/source-tree.json,source-tree.json,.json,54
etc/peer/models/Set2-Case2b-fast/active-crust/fault/tree-info.json,tree-info.json,.json,14
etc/peer/models/Set2-Case2b-fast/active-crust/gmm-config.json,gmm-config.json,.json,81
etc/peer/models/Set2-Case2b-fast/active-crust/gmm-tree.json,gmm-tree.json,.json,46
etc/peer/models/Set2-Case2b-fast/calc-config.json,calc-config.json,.json,282
etc/peer/models/Set2-Case2b-fast/model-info.json,model-info.json,.json,200
etc/peer/models/Set2-Case2b-fast/sites.csv,sites.csv,.csv,364
etc/peer/models/Set2-Case2b/active-crust/fault/fault-config.json,fault-config.json,.json,132
etc/peer/models/Set2-Case2b/active-crust/fault/features/fault3.geojson,fault3.geojson,.geojson,369
etc/peer/models/Set2-Case2b/active-crust/fault/mfd-config.json,mfd-config.json,.json,114
etc/peer/models/Set2-Case2b/active-crust/fault/mfd-map.json,mfd-map.json,.json,4968
etc/peer/models/Set2-Case2b/active-crust/fault/set2-case2/rupture-set.json,rupture-set.json,.json,75
etc/peer/models/Set2-Case2b/active-crust/fault/source-tree.json,source-tree.json,.json,54
etc/peer/models/Set2-Case2b/active-crust/fault/tree-info.json,tree-info.json,.json,14
etc/peer/models/Set2-Case2b/active-crust/gmm-config.json,gmm-config.json,.json,81
etc/peer/models/Set2-Case2b/active-crust/gmm-tree.json,gmm-tree.json,.json,46
etc/peer/models/Set2-Case2b/calc-config.json,calc-config.json,.json,282
etc/peer/models/Set2-Case2b/model-info.json,model-info.json,.json,200
etc/peer/models/Set2-Case2b/sites.csv,sites.csv,.csv,364
etc/peer/models/Set2-Case2c-fast/active-crust/fault/fault-config.json,fault-config.json,.json,132
etc/peer/models/Set2-Case2c-fast/active-crust/fault/features/fault3.geojson,fault3.geojson,.geojson,369
etc/peer/models/Set2-Case2c-fast/active-crust/fault/mfd-config.json,mfd-config.json,.json,114
etc/peer/models/Set2-Case2c-fast/active-crust/fault/mfd-map.json,mfd-map.json,.json,4968
etc/peer/models/Set2-Case2c-fast/active-crust/fault/set2-case2/rupture-set.json,rupture-set.json,.json,75
etc/peer/models/Set2-Case2c-fast/active-crust/fault/source-tree.json,source-tree.json,.json,54
etc/peer/models/Set2-Case2c-fast/active-crust/fault/tree-info.json,tree-info.json,.json,14
etc/peer/models/Set2-Case2c-fast/active-crust/gmm-config.json,gmm-config.json,.json,81
etc/peer/models/Set2-Case2c-fast/active-crust/gmm-tree.json,gmm-tree.json,.json,44
etc/peer/models/Set2-Case2c-fast/calc-config.json,calc-config.json,.json,282
etc/peer/models/Set2-Case2c-fast/model-info.json,model-info.json,.json,200
etc/peer/models/Set2-Case2c-fast/sites.csv,sites.csv,.csv,364
etc/peer/models/Set2-Case2c/active-crust/fault/fault-config.json,fault-config.json,.json,132
etc/peer/models/Set2-Case2c/active-crust/fault/features/fault3.geojson,fault3.geojson,.geojson,369
etc/peer/models/Set2-Case2c/active-crust/fault/mfd-config.json,mfd-config.json,.json,114
etc/peer/models/Set2-Case2c/active-crust/fault/mfd-map.json,mfd-map.json,.json,4968
etc/peer/models/Set2-Case2c/active-crust/fault/set2-case2/rupture-set.json,rupture-set.json,.json,75
etc/peer/models/Set2-Case2c/active-crust/fault/source-tree.json,source-tree.json,.json,54
etc/peer/models/Set2-Case2c/active-crust/fault/tree-info.json,tree-info.json,.json,14
etc/peer/models/Set2-Case2c/active-crust/gmm-config.json,gmm-config.json,.json,81
etc/peer/models/Set2-Case2c/active-crust/gmm-tree.json,gmm-tree.json,.json,44
etc/peer/models/Set2-Case2c/calc-config.json,calc-config.json,.json,282
etc/peer/models/Set2-Case2c/model-info.json,model-info.json,.json,200
etc/peer/models/Set2-Case2c/sites.csv,sites.csv,.csv,364
etc/peer/models/Set2-Case2d-fast/active-crust/fault/fault-config.json,fault-config.json,.json,132
etc/peer/models/Set2-Case2d-fast/active-crust/fault/features/fault3.geojson,fault3.geojson,.geojson,369
etc/peer/models/Set2-Case2d-fast/active-crust/fault/mfd-config.json,mfd-config.json,.json,114
etc/peer/models/Set2-Case2d-fast/active-crust/fault/mfd-map.json,mfd-map.json,.json,4968
etc/peer/models/Set2-Case2d-fast/active-crust/fault/set2-case2/rupture-set.json,rupture-set.json,.json,75
etc/peer/models/Set2-Case2d-fast/active-crust/fault/source-tree.json,source-tree.json,.json,54
etc/peer/models/Set2-Case2d-fast/active-crust/fault/tree-info.json,tree-info.json,.json,14
etc/peer/models/Set2-Case2d-fast/active-crust/gmm-config.json,gmm-config.json,.json,81
etc/peer/models/Set2-Case2d-fast/active-crust/gmm-tree.json,gmm-tree.json,.json,53
etc/peer/models/Set2-Case2d-fast/calc-config.json,calc-config.json,.json,282
etc/peer/models/Set2-Case2d-fast/model-info.json,model-info.json,.json,200
etc/peer/models/Set2-Case2d-fast/sites.csv,sites.csv,.csv,364
etc/peer/models/Set2-Case2d/active-crust/fault/fault-config.json,fault-config.json,.json,132
etc/peer/models/Set2-Case2d/active-crust/fault/features/fault3.geojson,fault3.geojson,.geojson,369
etc/peer/models/Set2-Case2d/active-crust/fault/mfd-config.json,mfd-config.json,.json,114
etc/peer/models/Set2-Case2d/active-crust/fault/mfd-map.json,mfd-map.json,.json,4968
etc/peer/models/Set2-Case2d/active-crust/fault/set2-case2/rupture-set.json,rupture-set.json,.json,75
etc/peer/models/Set2-Case2d/active-crust/fault/source-tree.json,source-tree.json,.json,54
etc/peer/models/Set2-Case2d/active-crust/fault/tree-info.json,tree-info.json,.json,14
etc/peer/models/Set2-Case2d/active-crust/gmm-config.json,gmm-config.json,.json,81
etc/peer/models/Set2-Case2d/active-crust/gmm-tree.json,gmm-tree.json,.json,58
etc/peer/models/Set2-Case2d/calc-config.json,calc-config.json,.json,282
etc/peer/models/Set2-Case2d/model-info.json,model-info.json,.json,200
etc/peer/models/Set2-Case2d/sites.csv,sites.csv,.csv,364
etc/peer/models/Set2-Case3a-fast/active-crust/fault/fault-config.json,fault-config.json,.json,132
etc/peer/models/Set2-Case3a-fast/active-crust/fault/features/fault.geojson,fault.geojson,.geojson,370
etc/peer/models/Set2-Case3a-fast/active-crust/fault/mfd-config.json,mfd-config.json,.json,114
etc/peer/models/Set2-Case3a-fast/active-crust/fault/mfd-map.json,mfd-map.json,.json,187
etc/peer/models/Set2-Case3a-fast/active-crust/fault/source-tree.json,source-tree.json,.json,51
etc/peer/models/Set2-Case3a-fast/active-crust/fault/source1/rupture-set.json,rupture-set.json,.json,75
etc/peer/models/Set2-Case3a-fast/active-crust/fault/tree-info.json,tree-info.json,.json,14
etc/peer/models/Set2-Case3a-fast/active-crust/gmm-config.json,gmm-config.json,.json,81
etc/peer/models/Set2-Case3a-fast/active-crust/gmm-tree.json,gmm-tree.json,.json,45
etc/peer/models/Set2-Case3a-fast/calc-config.json,calc-config.json,.json,272
etc/peer/models/Set2-Case3a-fast/model-info.json,model-info.json,.json,200
etc/peer/models/Set2-Case3a-fast/sites.csv,sites.csv,.csv,364
etc/peer/models/Set2-Case3a/active-crust/fault/fault-config.json,fault-config.json,.json,133
etc/peer/models/Set2-Case3a/active-crust/fault/features/fault.geojson,fault.geojson,.geojson,370
etc/peer/models/Set2-Case3a/active-crust/fault/mfd-config.json,mfd-config.json,.json,114
etc/peer/models/Set2-Case3a/active-crust/fault/mfd-map.json,mfd-map.json,.json,187
etc/peer/models/Set2-Case3a/active-crust/fault/source-tree.json,source-tree.json,.json,51
etc/peer/models/Set2-Case3a/active-crust/fault/source1/rupture-set.json,rupture-set.json,.json,75
etc/peer/models/Set2-Case3a/active-crust/fault/tree-info.json,tree-info.json,.json,14
etc/peer/models/Set2-Case3a/active-crust/gmm-config.json,gmm-config.json,.json,81
etc/peer/models/Set2-Case3a/active-crust/gmm-tree.json,gmm-tree.json,.json,45
etc/peer/models/Set2-Case3a/calc-config.json,calc-config.json,.json,272
etc/peer/models/Set2-Case3a/model-info.json,model-info.json,.json,195
etc/peer/models/Set2-Case3a/sites.csv,sites.csv,.csv,364
etc/peer/models/Set2-Case3b-fast/active-crust/fault/fault-config.json,fault-config.json,.json,132
etc/peer/models/Set2-Case3b-fast/active-crust/fault/features/fault.geojson,fault.geojson,.geojson,370
etc/peer/models/Set2-Case3b-fast/active-crust/fault/mfd-config.json,mfd-config.json,.json,114
etc/peer/models/Set2-Case3b-fast/active-crust/fault/mfd-map.json,mfd-map.json,.json,187
etc/peer/models/Set2-Case3b-fast/active-crust/fault/source-tree.json,source-tree.json,.json,51
etc/peer/models/Set2-Case3b-fast/active-crust/fault/source1/rupture-set.json,rupture-set.json,.json,75
etc/peer/models/Set2-Case3b-fast/active-crust/fault/tree-info.json,tree-info.json,.json,14
etc/peer/models/Set2-Case3b-fast/active-crust/gmm-config.json,gmm-config.json,.json,81
etc/peer/models/Set2-Case3b-fast/active-crust/gmm-tree.json,gmm-tree.json,.json,46
etc/peer/models/Set2-Case3b-fast/calc-config.json,calc-config.json,.json,272
etc/peer/models/Set2-Case3b-fast/model-info.json,model-info.json,.json,200
etc/peer/models/Set2-Case3b-fast/sites.csv,sites.csv,.csv,364
etc/peer/models/Set2-Case3b/active-crust/fault/fault-config.json,fault-config.json,.json,133
etc/peer/models/Set2-Case3b/active-crust/fault/features/fault.geojson,fault.geojson,.geojson,370
etc/peer/models/Set2-Case3b/active-crust/fault/mfd-config.json,mfd-config.json,.json,114
etc/peer/models/Set2-Case3b/active-crust/fault/mfd-map.json,mfd-map.json,.json,187
etc/peer/models/Set2-Case3b/active-crust/fault/source-tree.json,source-tree.json,.json,51
etc/peer/models/Set2-Case3b/active-crust/fault/source1/rupture-set.json,rupture-set.json,.json,75
etc/peer/models/Set2-Case3b/active-crust/fault/tree-info.json,tree-info.json,.json,14
etc/peer/models/Set2-Case3b/active-crust/gmm-config.json,gmm-config.json,.json,81
etc/peer/models/Set2-Case3b/active-crust/gmm-tree.json,gmm-tree.json,.json,46
etc/peer/models/Set2-Case3b/calc-config.json,calc-config.json,.json,272
etc/peer/models/Set2-Case3b/model-info.json,model-info.json,.json,195
etc/peer/models/Set2-Case3b/sites.csv,sites.csv,.csv,364
etc/peer/models/Set2-Case3c-fast/active-crust/fault/fault-config.json,fault-config.json,.json,132
etc/peer/models/Set2-Case3c-fast/active-crust/fault/features/fault.geojson,fault.geojson,.geojson,370
etc/peer/models/Set2-Case3c-fast/active-crust/fault/mfd-config.json,mfd-config.json,.json,114
etc/peer/models/Set2-Case3c-fast/active-crust/fault/mfd-map.json,mfd-map.json,.json,187
etc/peer/models/Set2-Case3c-fast/active-crust/fault/source-tree.json,source-tree.json,.json,51
etc/peer/models/Set2-Case3c-fast/active-crust/fault/source1/rupture-set.json,rupture-set.json,.json,75
etc/peer/models/Set2-Case3c-fast/active-crust/fault/tree-info.json,tree-info.json,.json,14
etc/peer/models/Set2-Case3c-fast/active-crust/gmm-config.json,gmm-config.json,.json,81
etc/peer/models/Set2-Case3c-fast/active-crust/gmm-tree.json,gmm-tree.json,.json,44
etc/peer/models/Set2-Case3c-fast/calc-config.json,calc-config.json,.json,272
etc/peer/models/Set2-Case3c-fast/model-info.json,model-info.json,.json,200
etc/peer/models/Set2-Case3c-fast/sites.csv,sites.csv,.csv,364
etc/peer/models/Set2-Case3c/active-crust/fault/fault-config.json,fault-config.json,.json,133
etc/peer/models/Set2-Case3c/active-crust/fault/features/fault.geojson,fault.geojson,.geojson,370
etc/peer/models/Set2-Case3c/active-crust/fault/mfd-config.json,mfd-config.json,.json,114
etc/peer/models/Set2-Case3c/active-crust/fault/mfd-map.json,mfd-map.json,.json,187
etc/peer/models/Set2-Case3c/active-crust/fault/source-tree.json,source-tree.json,.json,51
etc/peer/models/Set2-Case3c/active-crust/fault/source1/rupture-set.json,rupture-set.json,.json,75
etc/peer/models/Set2-Case3c/active-crust/fault/tree-info.json,tree-info.json,.json,14
etc/peer/models/Set2-Case3c/active-crust/gmm-config.json,gmm-config.json,.json,81
etc/peer/models/Set2-Case3c/active-crust/gmm-tree.json,gmm-tree.json,.json,44
etc/peer/models/Set2-Case3c/calc-config.json,calc-config.json,.json,272
etc/peer/models/Set2-Case3c/model-info.json,model-info.json,.json,195
etc/peer/models/Set2-Case3c/sites.csv,sites.csv,.csv,364
etc/peer/models/Set2-Case3d-fast/active-crust/fault/fault-config.json,fault-config.json,.json,132
etc/peer/models/Set2-Case3d-fast/active-crust/fault/features/fault.geojson,fault.geojson,.geojson,370
etc/peer/models/Set2-Case3d-fast/active-crust/fault/mfd-config.json,mfd-config.json,.json,114
etc/peer/models/Set2-Case3d-fast/active-crust/fault/mfd-map.json,mfd-map.json,.json,187
etc/peer/models/Set2-Case3d-fast/active-crust/fault/source-tree.json,source-tree.json,.json,51
etc/peer/models/Set2-Case3d-fast/active-crust/fault/source1/rupture-set.json,rupture-set.json,.json,75
etc/peer/models/Set2-Case3d-fast/active-crust/fault/tree-info.json,tree-info.json,.json,14
etc/peer/models/Set2-Case3d-fast/active-crust/gmm-config.json,gmm-config.json,.json,81
etc/peer/models/Set2-Case3d-fast/active-crust/gmm-tree.json,gmm-tree.json,.json,44
etc/peer/models/Set2-Case3d-fast/calc-config.json,calc-config.json,.json,272
etc/peer/models/Set2-Case3d-fast/model-info.json,model-info.json,.json,200
etc/peer/models/Set2-Case3d-fast/sites.csv,sites.csv,.csv,364
etc/peer/models/Set2-Case3d/active-crust/fault/fault-config.json,fault-config.json,.json,133
etc/peer/models/Set2-Case3d/active-crust/fault/features/fault.geojson,fault.geojson,.geojson,370
etc/peer/models/Set2-Case3d/active-crust/fault/mfd-config.json,mfd-config.json,.json,114
etc/peer/models/Set2-Case3d/active-crust/fault/mfd-map.json,mfd-map.json,.json,187
etc/peer/models/Set2-Case3d/active-crust/fault/source-tree.json,source-tree.json,.json,51
etc/peer/models/Set2-Case3d/active-crust/fault/source1/rupture-set.json,rupture-set.json,.json,75
etc/peer/models/Set2-Case3d/active-crust/fault/tree-info.json,tree-info.json,.json,14
etc/peer/models/Set2-Case3d/active-crust/gmm-config.json,gmm-config.json,.json,81
etc/peer/models/Set2-Case3d/active-crust/gmm-tree.json,gmm-tree.json,.json,44
etc/peer/models/Set2-Case3d/calc-config.json,calc-config.json,.json,272
etc/peer/models/Set2-Case3d/model-info.json,model-info.json,.json,195
etc/peer/models/Set2-Case3d/sites.csv,sites.csv,.csv,364
etc/peer/models/Set2-Case4a-fast/active-crust/fault/fault-config.json,fault-config.json,.json,132
etc/peer/models/Set2-Case4a-fast/active-crust/fault/features/fault.geojson,fault.geojson,.geojson,369
etc/peer/models/Set2-Case4a-fast/active-crust/fault/mfd-config.json,mfd-config.json,.json,114
etc/peer/models/Set2-Case4a-fast/active-crust/fault/mfd-map.json,mfd-map.json,.json,186
etc/peer/models/Set2-Case4a-fast/active-crust/fault/source-tree.json,source-tree.json,.json,51
etc/peer/models/Set2-Case4a-fast/active-crust/fault/source1/rupture-set.json,rupture-set.json,.json,75
etc/peer/models/Set2-Case4a-fast/active-crust/fault/tree-info.json,tree-info.json,.json,14
etc/peer/models/Set2-Case4a-fast/active-crust/gmm-config.json,gmm-config.json,.json,81
etc/peer/models/Set2-Case4a-fast/active-crust/gmm-tree.json,gmm-tree.json,.json,44
etc/peer/models/Set2-Case4a-fast/calc-config.json,calc-config.json,.json,272
etc/peer/models/Set2-Case4a-fast/model-info.json,model-info.json,.json,200
etc/peer/models/Set2-Case4a-fast/sites.csv,sites.csv,.csv,84
etc/peer/models/Set2-Case4a/active-crust/fault/fault-config.json,fault-config.json,.json,133
etc/peer/models/Set2-Case4a/active-crust/fault/features/fault.geojson,fault.geojson,.geojson,369
etc/peer/models/Set2-Case4a/active-crust/fault/mfd-config.json,mfd-config.json,.json,114
etc/peer/models/Set2-Case4a/active-crust/fault/mfd-map.json,mfd-map.json,.json,186
etc/peer/models/Set2-Case4a/active-crust/fault/source-tree.json,source-tree.json,.json,51
etc/peer/models/Set2-Case4a/active-crust/fault/source1/rupture-set.json,rupture-set.json,.json,75
etc/peer/models/Set2-Case4a/active-crust/fault/tree-info.json,tree-info.json,.json,14
etc/peer/models/Set2-Case4a/active-crust/gmm-config.json,gmm-config.json,.json,81
etc/peer/models/Set2-Case4a/active-crust/gmm-tree.json,gmm-tree.json,.json,44
etc/peer/models/Set2-Case4a/calc-config.json,calc-config.json,.json,272
etc/peer/models/Set2-Case4a/model-info.json,model-info.json,.json,195
etc/peer/models/Set2-Case4a/sites.csv,sites.csv,.csv,84
etc/peer/models/Set2-Case4b-fast/active-crust/fault/fault-config.json,fault-config.json,.json,140
etc/peer/models/Set2-Case4b-fast/active-crust/fault/features/fault.geojson,fault.geojson,.geojson,369
etc/peer/models/Set2-Case4b-fast/active-crust/fault/mfd-config.json,mfd-config.json,.json,114
etc/peer/models/Set2-Case4b-fast/active-crust/fault/mfd-map.json,mfd-map.json,.json,186
etc/peer/models/Set2-Case4b-fast/active-crust/fault/source-tree.json,source-tree.json,.json,51
etc/peer/models/Set2-Case4b-fast/active-crust/fault/source1/rupture-set.json,rupture-set.json,.json,75
etc/peer/models/Set2-Case4b-fast/active-crust/fault/tree-info.json,tree-info.json,.json,14
etc/peer/models/Set2-Case4b-fast/active-crust/gmm-config.json,gmm-config.json,.json,81
etc/peer/models/Set2-Case4b-fast/active-crust/gmm-tree.json,gmm-tree.json,.json,44
etc/peer/models/Set2-Case4b-fast/calc-config.json,calc-config.json,.json,272
etc/peer/models/Set2-Case4b-fast/model-info.json,model-info.json,.json,200
etc/peer/models/Set2-Case4b-fast/sites.csv,sites.csv,.csv,84
etc/peer/models/Set2-Case4b/active-crust/fault/fault-config.json,fault-config.json,.json,141
etc/peer/models/Set2-Case4b/active-crust/fault/features/fault.geojson,fault.geojson,.geojson,369
etc/peer/models/Set2-Case4b/active-crust/fault/mfd-config.json,mfd-config.json,.json,114
etc/peer/models/Set2-Case4b/active-crust/fault/mfd-map.json,mfd-map.json,.json,186
etc/peer/models/Set2-Case4b/active-crust/fault/source-tree.json,source-tree.json,.json,51
etc/peer/models/Set2-Case4b/active-crust/fault/source1/rupture-set.json,rupture-set.json,.json,75
etc/peer/models/Set2-Case4b/active-crust/fault/tree-info.json,tree-info.json,.json,14
etc/peer/models/Set2-Case4b/active-crust/gmm-config.json,gmm-config.json,.json,81
etc/peer/models/Set2-Case4b/active-crust/gmm-tree.json,gmm-tree.json,.json,44
etc/peer/models/Set2-Case4b/calc-config.json,calc-config.json,.json,272
etc/peer/models/Set2-Case4b/model-info.json,model-info.json,.json,195
etc/peer/models/Set2-Case4b/sites.csv,sites.csv,.csv,84
etc/peer/models/Set2-Case5a/active-crust/fault/fault-config.json,fault-config.json,.json,133
etc/peer/models/Set2-Case5a/active-crust/fault/features/fault.geojson,fault.geojson,.geojson,369
etc/peer/models/Set2-Case5a/active-crust/fault/mfd-config.json,mfd-config.json,.json,114
etc/peer/models/Set2-Case5a/active-crust/fault/mfd-map.json,mfd-map.json,.json,186
etc/peer/models/Set2-Case5a/active-crust/fault/source-tree.json,source-tree.json,.json,51
etc/peer/models/Set2-Case5a/active-crust/fault/source1/rupture-set.json,rupture-set.json,.json,75
etc/peer/models/Set2-Case5a/active-crust/fault/tree-info.json,tree-info.json,.json,14
etc/peer/models/Set2-Case5a/active-crust/gmm-config.json,gmm-config.json,.json,81
etc/peer/models/Set2-Case5a/active-crust/gmm-tree.json,gmm-tree.json,.json,44
etc/peer/models/Set2-Case5a/calc-config.json,calc-config.json,.json,286
etc/peer/models/Set2-Case5a/model-info.json,model-info.json,.json,195
etc/peer/models/Set2-Case5a/sites.csv,sites.csv,.csv,84
etc/peer/models/Set2-Case5b/active-crust/fault/fault-config.json,fault-config.json,.json,133
etc/peer/models/Set2-Case5b/active-crust/fault/features/fault.geojson,fault.geojson,.geojson,369
etc/peer/models/Set2-Case5b/active-crust/fault/mfd-config.json,mfd-config.json,.json,114
etc/peer/models/Set2-Case5b/active-crust/fault/mfd-map.json,mfd-map.json,.json,186
etc/peer/models/Set2-Case5b/active-crust/fault/source-tree.json,source-tree.json,.json,51
etc/peer/models/Set2-Case5b/active-crust/fault/source1/rupture-set.json,rupture-set.json,.json,75
etc/peer/models/Set2-Case5b/active-crust/fault/tree-info.json,tree-info.json,.json,14
etc/peer/models/Set2-Case5b/active-crust/gmm-config.json,gmm-config.json,.json,81
etc/peer/models/Set2-Case5b/active-crust/gmm-tree.json,gmm-tree.json,.json,44
etc/peer/models/Set2-Case5b/calc-config.json,calc-config.json,.json,282
etc/peer/models/Set2-Case5b/model-info.json,model-info.json,.json,195
etc/peer/models/Set2-Case5b/sites.csv,sites.csv,.csv,84
etc/peer/README.md,README.md,.md,1450
etc/peer/results/Set1-Case1.csv,Set1-Case1.csv,.csv,2264
etc/peer/results/Set1-Case10-fast.csv,Set1-Case10-fast.csv,.csv,1330
etc/peer/results/Set1-Case10.csv,Set1-Case10.csv,.csv,1330
etc/peer/results/Set1-Case11-fast.csv,Set1-Case11-fast.csv,.csv,1330
etc/peer/results/Set1-Case11.csv,Set1-Case11.csv,.csv,1330
etc/peer/results/Set1-Case2-fast.csv,Set1-Case2-fast.csv,.csv,2264
etc/peer/results/Set1-Case2.csv,Set1-Case2.csv,.csv,2264
etc/peer/results/Set1-Case3-fast.csv,Set1-Case3-fast.csv,.csv,2264
etc/peer/results/Set1-Case3.csv,Set1-Case3.csv,.csv,2264
etc/peer/results/Set1-Case4-fast.csv,Set1-Case4-fast.csv,.csv,2264
etc/peer/results/Set1-Case4.csv,Set1-Case4.csv,.csv,2264
etc/peer/results/Set1-Case5-fast.csv,Set1-Case5-fast.csv,.csv,2264
etc/peer/results/Set1-Case5.csv,Set1-Case5.csv,.csv,2264
etc/peer/results/Set1-Case6-fast.csv,Set1-Case6-fast.csv,.csv,2264
etc/peer/results/Set1-Case6.csv,Set1-Case6.csv,.csv,2264
etc/peer/results/Set1-Case7-fast.csv,Set1-Case7-fast.csv,.csv,2264
etc/peer/results/Set1-Case7.csv,Set1-Case7.csv,.csv,2264
etc/peer/results/Set1-Case8a.csv,Set1-Case8a.csv,.csv,2264
etc/peer/results/Set1-Case8b.csv,Set1-Case8b.csv,.csv,2264
etc/peer/results/Set1-Case8c.csv,Set1-Case8c.csv,.csv,2264
etc/peer/results/Set2-Case2a-fast.csv,Set2-Case2a-fast.csv,.csv,1949
etc/peer/results/Set2-Case2a.csv,Set2-Case2a.csv,.csv,1949
etc/peer/results/Set2-Case2b-fast.csv,Set2-Case2b-fast.csv,.csv,1949
etc/peer/results/Set2-Case2b.csv,Set2-Case2b.csv,.csv,1949
etc/peer/results/Set2-Case2c-fast.csv,Set2-Case2c-fast.csv,.csv,1949
etc/peer/results/Set2-Case2c.csv,Set2-Case2c.csv,.csv,1949
etc/peer/results/Set2-Case2d-fast.csv,Set2-Case2d-fast.csv,.csv,1949
etc/peer/results/Set2-Case2d.csv,Set2-Case2d.csv,.csv,1949
etc/peer/results/Set2-Case3a-fast.csv,Set2-Case3a-fast.csv,.csv,1949
etc/peer/results/Set2-Case3a.csv,Set2-Case3a.csv,.csv,1949
etc/peer/results/Set2-Case3b-fast.csv,Set2-Case3b-fast.csv,.csv,1949
etc/peer/results/Set2-Case3b.csv,Set2-Case3b.csv,.csv,1949
etc/peer/results/Set2-Case3c-fast.csv,Set2-Case3c-fast.csv,.csv,1949
etc/peer/results/Set2-Case3c.csv,Set2-Case3c.csv,.csv,1949
etc/peer/results/Set2-Case3d-fast.csv,Set2-Case3d-fast.csv,.csv,1949
etc/peer/results/Set2-Case3d.csv,Set2-Case3d.csv,.csv,1949
etc/peer/results/Set2-Case4a-fast.csv,Set2-Case4a-fast.csv,.csv,403
etc/peer/results/Set2-Case4a.csv,Set2-Case4a.csv,.csv,403
etc/peer/results/Set2-Case4b-fast.csv,Set2-Case4b-fast.csv,.csv,403
etc/peer/results/Set2-Case4b.csv,Set2-Case4b.csv,.csv,403
etc/peer/results/Set2-Case5a.csv,Set2-Case5a.csv,.csv,399
etc/peer/results/Set2-Case5b.csv,Set2-Case5b.csv,.csv,399
etc/README.md,README.md,.md,514
etc/resources/docs/border_differences.jpg,border_differences.jpg,.jpg,26934
etc/resources/docs/gridded_regions_border.jpg,gridded_regions_border.jpg,.jpg,45830
etc/resources/docs/gridded_regions_buffer.jpg,gridded_regions_buffer.jpg,.jpg,46401
etc/resources/docs/gridded_regions_circle.jpg,gridded_regions_circle.jpg,.jpg,44461
etc/resources/docs/node_association.jpg,node_association.jpg,.jpg,35963
gradle.properties,gradle.properties,.properties,452
gradle/app-version.gradle,app-version.gradle,.gradle,859
gradle/dependencies.gradle,dependencies.gradle,.gradle,1639
gradle/ext.gradle,ext.gradle,.gradle,266
gradle/git-hooks.gradle,git-hooks.gradle,.gradle,326
gradle/jar.gradle,jar.gradle,.gradle,311
gradle/node.gradle,node.gradle,.gradle,745
gradle/nshm.gradle,nshm.gradle,.gradle,6538
gradle/repositories.gradle,repositories.gradle,.gradle,147
gradle/spotbugs-filter.xml,spotbugs-filter.xml,.xml,765
gradle/spotbugs.gradle,spotbugs.gradle,.gradle,227
gradle/spotless.gradle,spotless.gradle,.gradle,1915
gradle/wrapper/gradle-wrapper.jar,gradle-wrapper.jar,.jar,59536
gradle/wrapper/gradle-wrapper.properties,gradle-wrapper.properties,.properties,202
gradlew,gradlew,,8070
gradlew.bat,gradlew.bat,.bat,2763
LICENSE.md,LICENSE.md,.md,1619
nshms.yml,nshms.yml,.yml,3833
openapi.properties,openapi.properties,.properties,87
package-lock.json,package-lock.json,.json,51583
package.json,package.json,.json,216
README.md,README.md,.md,1087
scripts/docker-entrypoint.sh,docker-entrypoint.sh,.sh,1424
settings.gradle,settings.gradle,.gradle,31
src/main/java/gov/usgs/earthquake/nshmp/DisaggCalc.java,DisaggCalc.java,.java,18807
src/main/java/gov/usgs/earthquake/nshmp/HazardCalc.java,HazardCalc.java,.java,10289
src/main/java/gov/usgs/earthquake/nshmp/HazardMaps.java,HazardMaps.java,.java,6424
src/main/java/gov/usgs/earthquake/nshmp/RateCalc.java,RateCalc.java,.java,8965
src/main/java/gov/usgs/earthquake/nshmp/site/CybershakeSite.java,CybershakeSite.java,.java,5584
src/main/java/gov/usgs/earthquake/nshmp/site/NshmpPolygon.java,NshmpPolygon.java,.java,10711
src/main/java/gov/usgs/earthquake/nshmp/site/NshmpSite.java,NshmpSite.java,.java,17471
src/main/java/gov/usgs/earthquake/nshmp/site/NshmpSiteFiles.java,NshmpSiteFiles.java,.java,16431
src/main/java/gov/usgs/earthquake/nshmp/site/NuregSite.java,NuregSite.java,.java,1241
src/main/java/gov/usgs/earthquake/nshmp/www/Application.java,Application.java,.java,516
src/main/java/gov/usgs/earthquake/nshmp/www/gmm/GmmCalc.java,GmmCalc.java,.java,11372
src/main/java/gov/usgs/earthquake/nshmp/www/gmm/GmmController.java,GmmController.java,.java,22319
src/main/java/gov/usgs/earthquake/nshmp/www/gmm/GmmService.java,GmmService.java,.java,15762
src/main/java/gov/usgs/earthquake/nshmp/www/gmm/ServiceUtil.java,ServiceUtil.java,.java,15687
src/main/java/gov/usgs/earthquake/nshmp/www/gmm/Utils.java,Utils.java,.java,1369
src/main/java/gov/usgs/earthquake/nshmp/www/gmm/XyDataGroup.java,XyDataGroup.java,.java,1458
src/main/java/gov/usgs/earthquake/nshmp/www/hazard/DisaggController.java,DisaggController.java,.java,6933
src/main/java/gov/usgs/earthquake/nshmp/www/hazard/DisaggService.java,DisaggService.java,.java,13757
src/main/java/gov/usgs/earthquake/nshmp/www/hazard/HazardController.java,HazardController.java,.java,4530
src/main/java/gov/usgs/earthquake/nshmp/www/hazard/HazardService.java,HazardService.java,.java,12304
src/main/java/gov/usgs/earthquake/nshmp/www/hazard/MaxDirection.java,MaxDirection.java,.java,2258
src/main/java/gov/usgs/earthquake/nshmp/www/HazVersion.java,HazVersion.java,.java,2244
src/main/java/gov/usgs/earthquake/nshmp/www/meta/DoubleParameter.java,DoubleParameter.java,.java,567
src/main/java/gov/usgs/earthquake/nshmp/www/meta/Metadata.java,Metadata.java,.java,2267
src/main/java/gov/usgs/earthquake/nshmp/www/meta/MetaUtil.java,MetaUtil.java,.java,1539
src/main/java/gov/usgs/earthquake/nshmp/www/meta/Parameter.java,Parameter.java,.java,351
src/main/java/gov/usgs/earthquake/nshmp/www/PrimingResource.java,PrimingResource.java,.java,3886
src/main/java/gov/usgs/earthquake/nshmp/www/ServicesUtil.java,ServicesUtil.java,.java,2644
src/main/java/gov/usgs/earthquake/nshmp/www/ServletUtil.java,ServletUtil.java,.java,6970
src/main/java/gov/usgs/earthquake/nshmp/www/source/FeatureCollectionService.java,FeatureCollectionService.java,.java,1350
src/main/java/gov/usgs/earthquake/nshmp/www/source/FeaturesController.java,FeaturesController.java,.java,3965
src/main/java/gov/usgs/earthquake/nshmp/www/source/FeaturesService.java,FeaturesService.java,.java,5636
src/main/java/gov/usgs/earthquake/nshmp/www/source/LogicTreesController.java,LogicTreesController.java,.java,4046
src/main/java/gov/usgs/earthquake/nshmp/www/source/LogicTreesService.java,LogicTreesService.java,.java,2950
src/main/java/gov/usgs/earthquake/nshmp/www/source/MapController.java,MapController.java,.java,3286
src/main/java/gov/usgs/earthquake/nshmp/www/source/MfdsController.java,MfdsController.java,.java,4503
src/main/java/gov/usgs/earthquake/nshmp/www/source/MfdsService.java,MfdsService.java,.java,2982
src/main/java/gov/usgs/earthquake/nshmp/www/source/ProbabilityController.java,ProbabilityController.java,.java,4059
src/main/java/gov/usgs/earthquake/nshmp/www/source/RateController.java,RateController.java,.java,4977
src/main/java/gov/usgs/earthquake/nshmp/www/source/RateService.java,RateService.java,.java,13740
src/main/java/gov/usgs/earthquake/nshmp/www/source/SourceController.java,SourceController.java,.java,2374
src/main/java/gov/usgs/earthquake/nshmp/www/source/SourceService.java,SourceService.java,.java,2914
src/main/java/gov/usgs/earthquake/nshmp/www/source/TestSitesController.java,TestSitesController.java,.java,3342
src/main/java/gov/usgs/earthquake/nshmp/www/SwaggerController.java,SwaggerController.java,.java,6289
src/main/resources/application.yml,application.yml,.yml,594
src/main/resources/eclipse.importorder,eclipse.importorder,.importorder,63
src/main/resources/logback.xml,logback.xml,.xml,374
src/main/resources/logging.properties,logging.properties,.properties,2829
src/main/resources/nshmp.eclipse-format.xml,nshmp.eclipse-format.xml,.xml,38460
src/main/resources/swagger/index.html,index.html,.html,717
src/main/resources/swagger/index.js,index.js,.js,392
src/test/java/gov/usgs/earthquake/nshmp/model/GenerateActual.java,GenerateActual.java,.java,1118
src/test/java/gov/usgs/earthquake/nshmp/model/NshmTests.java,NshmTests.java,.java,6404
src/test/java/gov/usgs/earthquake/nshmp/model/NshmTestUtils.java,NshmTestUtils.java,.java,10918
src/test/java/gov/usgs/earthquake/nshmp/model/peer/PeerTest.java,PeerTest.java,.java,7012
src/test/java/gov/usgs/earthquake/nshmp/model/peer/PeerTestArgumentProviders.java,PeerTestArgumentProviders.java,.java,10045
src/test/java/gov/usgs/earthquake/nshmp/model/peer/PeerTests.java,PeerTests.java,.java,16966
src/test/java/gov/usgs/earthquake/nshmp/site/NshmpSiteTests.java,NshmpSiteTests.java,.java,7180
src/test/java/gov/usgs/earthquake/nshmp/www/hazard/HazardServiceUtils.java,HazardServiceUtils.java,.java,1254
src/test/resources/e2e/nshm-alaska-2007/ANCHORAGE_AK.json,ANCHORAGE_AK.json,.json,3323
src/test/resources/e2e/nshm-alaska-2007/FAIRBANKS_AK.json,FAIRBANKS_AK.json,.json,3353
src/test/resources/e2e/nshm-alaska-2007/JUNEAU_AK.json,JUNEAU_AK.json,.json,3363
src/test/resources/e2e/nshm-alaska-2007/KODIAK_AK.json,KODIAK_AK.json,.json,3310
src/test/resources/e2e/nshm-alaska-2007/VALDEZ_AK.json,VALDEZ_AK.json,.json,3315
src/test/resources/e2e/nshm-alaska-2023/ANCHORAGE_AK.json,ANCHORAGE_AK.json,.json,4473
src/test/resources/e2e/nshm-alaska-2023/FAIRBANKS_AK.json,FAIRBANKS_AK.json,.json,4510
src/test/resources/e2e/nshm-alaska-2023/JUNEAU_AK.json,JUNEAU_AK.json,.json,4521
src/test/resources/e2e/nshm-alaska-2023/KODIAK_AK.json,KODIAK_AK.json,.json,4487
src/test/resources/e2e/nshm-alaska-2023/VALDEZ_AK.json,VALDEZ_AK.json,.json,4492
src/test/resources/e2e/nshm-conus-2018/BOSTON_MA.json,BOSTON_MA.json,.json,4593
src/test/resources/e2e/nshm-conus-2018/CHICAGO_IL.json,CHICAGO_IL.json,.json,4597
src/test/resources/e2e/nshm-conus-2018/LOS_ANGELES_CA.json,LOS_ANGELES_CA.json,.json,4519
src/test/resources/e2e/nshm-conus-2018/NEW_MADRID_MO.json,NEW_MADRID_MO.json,.json,4575
src/test/resources/e2e/nshm-conus-2018/NEW_YORK_NY.json,NEW_YORK_NY.json,.json,4588
src/test/resources/e2e/nshm-conus-2018/RENO_NV.json,RENO_NV.json,.json,4488
src/test/resources/e2e/nshm-conus-2018/SALT_LAKE_CITY_UT.json,SALT_LAKE_CITY_UT.json,.json,4554
src/test/resources/e2e/nshm-conus-2018/SAN_FRANCISCO_CA.json,SAN_FRANCISCO_CA.json,.json,4504
src/test/resources/e2e/nshm-conus-2018/SEATTLE_WA.json,SEATTLE_WA.json,.json,4552
src/test/resources/e2e/nshm-conus-2023/BOSTON_MA.json,BOSTON_MA.json,.json,4575
src/test/resources/e2e/nshm-conus-2023/CHICAGO_IL.json,CHICAGO_IL.json,.json,4585
src/test/resources/e2e/nshm-conus-2023/LOS_ANGELES_CA.json,LOS_ANGELES_CA.json,.json,4519
src/test/resources/e2e/nshm-conus-2023/NEW_MADRID_MO.json,NEW_MADRID_MO.json,.json,4556
src/test/resources/e2e/nshm-conus-2023/NEW_YORK_NY.json,NEW_YORK_NY.json,.json,4579
src/test/resources/e2e/nshm-conus-2023/RENO_NV.json,RENO_NV.json,.json,4516
src/test/resources/e2e/nshm-conus-2023/SALT_LAKE_CITY_UT.json,SALT_LAKE_CITY_UT.json,.json,4544
src/test/resources/e2e/nshm-conus-2023/SAN_FRANCISCO_CA.json,SAN_FRANCISCO_CA.json,.json,4483
src/test/resources/e2e/nshm-conus-2023/SEATTLE_WA.json,SEATTLE_WA.json,.json,4543
src/test/resources/e2e/nshm-hawaii-2021/HILO_HI.json,HILO_HI.json,.json,4522
src/test/resources/e2e/nshm-hawaii-2021/HONOLULU_HI.json,HONOLULU_HI.json,.json,4576
src/test/resources/e2e/nshm-hawaii-2021/KAILUA_KONA_HI.json,KAILUA_KONA_HI.json,.json,4521
src/test/resources/e2e/nshm-prvi-2025/SAN_JUAN_PR.json,SAN_JUAN_PR.json,.json,4496
ws.Dockerfile,ws.Dockerfile,.dockerfile,1607
