class_name,passed
gov.usgs.earthquake.nshmp.model.HazardModel,True
gov.usgs.earthquake.nshmp.model.SourceTree,True
gov.usgs.earthquake.nshmp.model.SourceSet,False
gov.usgs.earthquake.nshmp.model.Source,True
gov.usgs.earthquake.nshmp.model.Rupture,True
gov.usgs.earthquake.nshmp.model.Distance,True
gov.usgs.earthquake.nshmp.geo.Location,True
gov.usgs.earthquake.nshmp.model.GridSourcePlanar$PlanarSurface,True
gov.usgs.earthquake.nshmp.model.HazardModel$Builder,True
gov.usgs.earthquake.nshmp.model.HazardModel$Info,True
gov.usgs.earthquake.nshmp.model.HazardModel$MapRegion,True
gov.usgs.earthquake.nshmp.model.HazardModel$TectonicSettingFilter,True
gov.usgs.earthquake.nshmp.model.PointSource$PointSurface,True
gov.usgs.earthquake.nshmp.model.PointSourceFinite$FiniteSurface,True
gov.usgs.earthquake.nshmp.model.PointSourceFixedStrike$FixedStrikeSurface,True
gov.usgs.earthquake.nshmp.model.SourceTree$Builder,True
gov.usgs.earthquake.nshmp.model.SourceTree$Info,True
gov.usgs.earthquake.nshmp.model.SourceTree$Leaf,True
gov.usgs.earthquake.nshmp.model.SourceTree$Node,True
gov.usgs.earthquake.nshmp.model.SourceTree$Root,True
