simple_name,class_name,jar_name,jar_path
AbstractRuptureSet,gov.usgs.earthquake.nshmp.model.AbstractRuptureSet,nshmp-lib-1.7.3.jar,C:\Users\USER\.gradle\caches\modules-2\files-2.1\ghsc\nshmp-lib\1.7.3\8bfb8fabae65995ba989c8b87b1741e11035e608\nshmp-lib-1.7.3.jar
ClusterRuptureSet,gov.usgs.earthquake.nshmp.model.ClusterRuptureSet,nshmp-lib-1.7.3.jar,C:\Users\USER\.gradle\caches\modules-2\files-2.1\ghsc\nshmp-lib\1.7.3\8bfb8fabae65995ba989c8b87b1741e11035e608\nshmp-lib-1.7.3.jar
ComplianceResourceTypeListCopier,software.amazon.awssdk.services.ssm.model.ComplianceResourceTypeListCopier,ssm-2.29.52.jar,C:\Users\USER\.gradle\caches\modules-2\files-2.1\software.amazon.awssdk\ssm\2.29.52\a22192229557a1064b57acceea764c120c86acce\ssm-2.29.52.jar
CredentialSourceType,software.amazon.awssdk.auth.credentials.internal.CredentialSourceType,auth-2.29.52.jar,C:\Users\USER\.gradle\caches\modules-2\files-2.1\software.amazon.awssdk\auth\2.29.52\76f9b22a99b0de0fd31447db22a5cba4ed4b172e\auth-2.29.52.jar
FaultRuptureSet,gov.usgs.earthquake.nshmp.model.FaultRuptureSet,nshmp-lib-1.7.3.jar,C:\Users\USER\.gradle\caches\modules-2\files-2.1\ghsc\nshmp-lib\1.7.3\8bfb8fabae65995ba989c8b87b1741e11035e608\nshmp-lib-1.7.3.jar
FaultSource,gov.usgs.earthquake.nshmp.model.FaultSource,nshmp-lib-1.7.3.jar,C:\Users\USER\.gradle\caches\modules-2\files-2.1\ghsc\nshmp-lib\1.7.3\8bfb8fabae65995ba989c8b87b1741e11035e608\nshmp-lib-1.7.3.jar
GridRuptureSet,gov.usgs.earthquake.nshmp.model.GridRuptureSet,nshmp-lib-1.7.3.jar,C:\Users\USER\.gradle\caches\modules-2\files-2.1\ghsc\nshmp-lib\1.7.3\8bfb8fabae65995ba989c8b87b1741e11035e608\nshmp-lib-1.7.3.jar
GridSourcePlanar,gov.usgs.earthquake.nshmp.model.GridSourcePlanar,nshmp-lib-1.7.3.jar,C:\Users\USER\.gradle\caches\modules-2\files-2.1\ghsc\nshmp-lib\1.7.3\8bfb8fabae65995ba989c8b87b1741e11035e608\nshmp-lib-1.7.3.jar
HazardModel,gov.usgs.earthquake.nshmp.model.HazardModel,nshmp-lib-1.7.3.jar,C:\Users\USER\.gradle\caches\modules-2\files-2.1\ghsc\nshmp-lib\1.7.3\8bfb8fabae65995ba989c8b87b1741e11035e608\nshmp-lib-1.7.3.jar
InterfaceRuptureSet,gov.usgs.earthquake.nshmp.model.InterfaceRuptureSet,nshmp-lib-1.7.3.jar,C:\Users\USER\.gradle\caches\modules-2\files-2.1\ghsc\nshmp-lib\1.7.3\8bfb8fabae65995ba989c8b87b1741e11035e608\nshmp-lib-1.7.3.jar
InterfaceSource,gov.usgs.earthquake.nshmp.model.InterfaceSource,nshmp-lib-1.7.3.jar,C:\Users\USER\.gradle\caches\modules-2\files-2.1\ghsc\nshmp-lib\1.7.3\8bfb8fabae65995ba989c8b87b1741e11035e608\nshmp-lib-1.7.3.jar
InvalidResourceTypeException,software.amazon.awssdk.services.ssm.model.InvalidResourceTypeException,ssm-2.29.52.jar,C:\Users\USER\.gradle\caches\modules-2\files-2.1\software.amazon.awssdk\ssm\2.29.52\a22192229557a1064b57acceea764c120c86acce\ssm-2.29.52.jar
MaintenanceWindowResourceType,software.amazon.awssdk.services.ssm.model.MaintenanceWindowResourceType,ssm-2.29.52.jar,C:\Users\USER\.gradle\caches\modules-2\files-2.1\software.amazon.awssdk\ssm\2.29.52\a22192229557a1064b57acceea764c120c86acce\ssm-2.29.52.jar
MutableRupture,gov.usgs.earthquake.nshmp.model.MutableRupture,nshmp-lib-1.7.3.jar,C:\Users\USER\.gradle\caches\modules-2\files-2.1\ghsc\nshmp-lib\1.7.3\8bfb8fabae65995ba989c8b87b1741e11035e608\nshmp-lib-1.7.3.jar
PointSourceType,gov.usgs.earthquake.nshmp.model.PointSourceType,nshmp-lib-1.7.3.jar,C:\Users\USER\.gradle\caches\modules-2\files-2.1\ghsc\nshmp-lib\1.7.3\8bfb8fabae65995ba989c8b87b1741e11035e608\nshmp-lib-1.7.3.jar
RegularRupture,gov.usgs.earthquake.nshmp.model.RegularRupture,nshmp-lib-1.7.3.jar,C:\Users\USER\.gradle\caches\modules-2\files-2.1\ghsc\nshmp-lib\1.7.3\8bfb8fabae65995ba989c8b87b1741e11035e608\nshmp-lib-1.7.3.jar
ResourceType,software.amazon.awssdk.services.ssm.model.ResourceType,ssm-2.29.52.jar,C:\Users\USER\.gradle\caches\modules-2\files-2.1\software.amazon.awssdk\ssm\2.29.52\a22192229557a1064b57acceea764c120c86acce\ssm-2.29.52.jar
ResourceTypeForTagging,software.amazon.awssdk.services.ssm.model.ResourceTypeForTagging,ssm-2.29.52.jar,C:\Users\USER\.gradle\caches\modules-2\files-2.1\software.amazon.awssdk\ssm\2.29.52\a22192229557a1064b57acceea764c120c86acce\ssm-2.29.52.jar
Rupture,gov.usgs.earthquake.nshmp.model.Rupture,nshmp-lib-1.7.3.jar,C:\Users\USER\.gradle\caches\modules-2\files-2.1\ghsc\nshmp-lib\1.7.3\8bfb8fabae65995ba989c8b87b1741e11035e608\nshmp-lib-1.7.3.jar
RuptureFloating,gov.usgs.earthquake.nshmp.fault.surface.RuptureFloating,nshmp-lib-1.7.3.jar,C:\Users\USER\.gradle\caches\modules-2\files-2.1\ghsc\nshmp-lib\1.7.3\8bfb8fabae65995ba989c8b87b1741e11035e608\nshmp-lib-1.7.3.jar
RuptureScaling,gov.usgs.earthquake.nshmp.fault.surface.RuptureScaling,nshmp-lib-1.7.3.jar,C:\Users\USER\.gradle\caches\modules-2\files-2.1\ghsc\nshmp-lib\1.7.3\8bfb8fabae65995ba989c8b87b1741e11035e608\nshmp-lib-1.7.3.jar
RuptureSet,gov.usgs.earthquake.nshmp.model.RuptureSet,nshmp-lib-1.7.3.jar,C:\Users\USER\.gradle\caches\modules-2\files-2.1\ghsc\nshmp-lib\1.7.3\8bfb8fabae65995ba989c8b87b1741e11035e608\nshmp-lib-1.7.3.jar
RuptureSurface,gov.usgs.earthquake.nshmp.fault.surface.RuptureSurface,nshmp-lib-1.7.3.jar,C:\Users\USER\.gradle\caches\modules-2\files-2.1\ghsc\nshmp-lib\1.7.3\8bfb8fabae65995ba989c8b87b1741e11035e608\nshmp-lib-1.7.3.jar
SlabRuptureSet,gov.usgs.earthquake.nshmp.model.SlabRuptureSet,nshmp-lib-1.7.3.jar,C:\Users\USER\.gradle\caches\modules-2\files-2.1\ghsc\nshmp-lib\1.7.3\8bfb8fabae65995ba989c8b87b1741e11035e608\nshmp-lib-1.7.3.jar
SourceTree,gov.usgs.earthquake.nshmp.model.SourceTree,nshmp-lib-1.7.3.jar,C:\Users\USER\.gradle\caches\modules-2\files-2.1\ghsc\nshmp-lib\1.7.3\8bfb8fabae65995ba989c8b87b1741e11035e608\nshmp-lib-1.7.3.jar
SourceType,gov.usgs.earthquake.nshmp.model.SourceType,nshmp-lib-1.7.3.jar,C:\Users\USER\.gradle\caches\modules-2\files-2.1\ghsc\nshmp-lib\1.7.3\8bfb8fabae65995ba989c8b87b1741e11035e608\nshmp-lib-1.7.3.jar
SourceType,software.amazon.awssdk.services.ssm.model.SourceType,ssm-2.29.52.jar,C:\Users\USER\.gradle\caches\modules-2\files-2.1\software.amazon.awssdk\ssm\2.29.52\a22192229557a1064b57acceea764c120c86acce\ssm-2.29.52.jar
SystemRuptureSet,gov.usgs.earthquake.nshmp.model.SystemRuptureSet,nshmp-lib-1.7.3.jar,C:\Users\USER\.gradle\caches\modules-2\files-2.1\ghsc\nshmp-lib\1.7.3\8bfb8fabae65995ba989c8b87b1741e11035e608\nshmp-lib-1.7.3.jar
ZoneRuptureSet,gov.usgs.earthquake.nshmp.model.ZoneRuptureSet,nshmp-lib-1.7.3.jar,C:\Users\USER\.gradle\caches\modules-2\files-2.1\ghsc\nshmp-lib\1.7.3\8bfb8fabae65995ba989c8b87b1741e11035e608\nshmp-lib-1.7.3.jar
