jar_entry,entry_type
gov/usgs/earthquake/nshmp/gmm/ParkerEtAl_2020$Coefficients.class,class
gov/usgs/earthquake/nshmp/gmm/ParkerEtAl_2020$Global.class,class
gov/usgs/earthquake/nshmp/gmm/ParkerEtAl_2020$Cascadia.class,class
gov/usgs/earthquake/nshmp/gmm/ParkerEtAl_2020$Alaska.class,class
gov/usgs/earthquake/nshmp/gmm/ParkerEtAl_2020$Prvi.class,class
gov/usgs/earthquake/nshmp/gmm/ParkerEtAl_2020$GlobalInterface.class,class
gov/usgs/earthquake/nshmp/gmm/ParkerEtAl_2020$GlobalInterfaceNoEpi.class,class
gov/usgs/earthquake/nshmp/gmm/ParkerEtAl_2020$GlobalInterfaceAkAdjusted.class,class
gov/usgs/earthquake/nshmp/gmm/ParkerEtAl_2020$GlobalSlab.class,class
gov/usgs/earthquake/nshmp/gmm/ParkerEtAl_2020$GlobalSlabNoEpi.class,class
gov/usgs/earthquake/nshmp/gmm/ParkerEtAl_2020$CascadiaInterface.class,class
gov/usgs/earthquake/nshmp/gmm/ParkerEtAl_2020$CascadiaInterfaceBasin.class,class
gov/usgs/earthquake/nshmp/gmm/ParkerEtAl_2020$CascadiaInterfaceBasinM9.class,class
gov/usgs/earthquake/nshmp/gmm/ParkerEtAl_2020$CascadiaSlab.class,class
gov/usgs/earthquake/nshmp/gmm/ParkerEtAl_2020$CascadiaSlabBasin.class,class
gov/usgs/earthquake/nshmp/gmm/ParkerEtAl_2020$AlaskaInterface.class,class
gov/usgs/earthquake/nshmp/gmm/ParkerEtAl_2020$AlaskaSlab.class,class
gov/usgs/earthquake/nshmp/gmm/ParkerEtAl_2020$PrviInterface.class,class
gov/usgs/earthquake/nshmp/gmm/ParkerEtAl_2020$PrviSlab.class,class
gov/usgs/earthquake/nshmp/gmm/ParkerEtAl_2020.class,class
