chunk_sequence,chunk_id,rows,occurrences,minimum_occurrence_ordinal,maximum_occurrence_ordinal,sampled_ground_up_loss_sum_2022_usd,gross_insured_loss_sum_2022_usd,uninsured_loss_sum_2022_usd,input_path,input_sha256,output_path,output_size_bytes,output_sha256,marker_path,validation_path,reused
0,0,117500,250,0,249,9792871665.098808,6206632826.642747,3586238838.456063,c:\Users\USER\Documents\GitHub\seismic-correlation-insurance-loss\data\processed\notebook_5_total_ground_up_loss\chunks\total_ground_up_loss_chunk_0000.csv.gz,099418130b5135b9de06da0e0e5967386c54a7efffd37c6eb642b9e2049c8e06,c:\Users\USER\Documents\GitHub\seismic-correlation-insurance-loss\data\processed\notebook_6_baseline_insured_loss\chunks\baseline_insured_loss_chunk_0000.csv.gz,23003935,1223fcb5fe0d4576b65cbcc6ec11098af6dde96eb57da50761290b4ae8247fbb,c:\Users\USER\Documents\GitHub\seismic-correlation-insurance-loss\data\processed\notebook_6_baseline_insured_loss\work\markers\baseline_insured_loss_chunk_0000.json,c:\Users\USER\Documents\GitHub\seismic-correlation-insurance-loss\data\processed\notebook_6_baseline_insured_loss\work\chunk_validations\baseline_insured_loss_chunk_0000_validation.csv,True
1,1,117500,250,250,574,11384762032.921413,7427182114.619813,3957579918.301603,c:\Users\USER\Documents\GitHub\seismic-correlation-insurance-loss\data\processed\notebook_5_total_ground_up_loss\chunks\total_ground_up_loss_chunk_0001.csv.gz,49055f0a7b631f8fdbf638b7b69eddff0188972bb01934d31a940174611f122a,c:\Users\USER\Documents\GitHub\seismic-correlation-insurance-loss\data\processed\notebook_6_baseline_insured_loss\chunks\baseline_insured_loss_chunk_0001.csv.gz,23368085,c393f62f7643c48bb4f9234a431aba3c46c6190ccc9116f1f486bf711a4c04d7,c:\Users\USER\Documents\GitHub\seismic-correlation-insurance-loss\data\processed\notebook_6_baseline_insured_loss\work\markers\baseline_insured_loss_chunk_0001.json,c:\Users\USER\Documents\GitHub\seismic-correlation-insurance-loss\data\processed\notebook_6_baseline_insured_loss\work\chunk_validations\baseline_insured_loss_chunk_0001_validation.csv,True
2,21,117500,250,416,10628,11699554166.643036,7500623923.772968,4198930242.8700666,c:\Users\USER\Documents\GitHub\seismic-correlation-insurance-loss\data\processed\notebook_5_total_ground_up_loss\chunks\total_ground_up_loss_chunk_0021.csv.gz,28c38b7258200a998885861a38eea90a65178d025ab357a83fb37eff7f3ac389,c:\Users\USER\Documents\GitHub\seismic-correlation-insurance-loss\data\processed\notebook_6_baseline_insured_loss\chunks\baseline_insured_loss_chunk_0021.csv.gz,23597049,aec1f5c12abce76e8e5bb4295d6864cad02f860576a7cf35f2515ca34b20aa96,c:\Users\USER\Documents\GitHub\seismic-correlation-insurance-loss\data\processed\notebook_6_baseline_insured_loss\work\markers\baseline_insured_loss_chunk_0021.json,c:\Users\USER\Documents\GitHub\seismic-correlation-insurance-loss\data\processed\notebook_6_baseline_insured_loss\work\chunk_validations\baseline_insured_loss_chunk_0021_validation.csv,True
3,2,117500,250,576,1131,15291718975.394766,9947986808.90775,5343732166.487016,c:\Users\USER\Documents\GitHub\seismic-correlation-insurance-loss\data\processed\notebook_5_total_ground_up_loss\chunks\total_ground_up_loss_chunk_0002.csv.gz,5fe84a3ed2629f5ceee7d9f00e2092fb1d80147ca77c6d06f33ff0737907a3e4,c:\Users\USER\Documents\GitHub\seismic-correlation-insurance-loss\data\processed\notebook_6_baseline_insured_loss\chunks\baseline_insured_loss_chunk_0002.csv.gz,24812244,696752a98d5c19889efdf184561c7ab73af56890f2b4d8dd6c16e328d0d28904,c:\Users\USER\Documents\GitHub\seismic-correlation-insurance-loss\data\processed\notebook_6_baseline_insured_loss\work\markers\baseline_insured_loss_chunk_0002.json,c:\Users\USER\Documents\GitHub\seismic-correlation-insurance-loss\data\processed\notebook_6_baseline_insured_loss\work\chunk_validations\baseline_insured_loss_chunk_0002_validation.csv,True
4,22,117500,250,600,2686,4447572316.970486,2400499313.0893946,2047073003.881092,c:\Users\USER\Documents\GitHub\seismic-correlation-insurance-loss\data\processed\notebook_5_total_ground_up_loss\chunks\total_ground_up_loss_chunk_0022.csv.gz,0e352cf2c0be270ef8f6a2d8d5377254e9eebc3d90c6ae5304bf5e1c036e1549,c:\Users\USER\Documents\GitHub\seismic-correlation-insurance-loss\data\processed\notebook_6_baseline_insured_loss\chunks\baseline_insured_loss_chunk_0022.csv.gz,21451536,493dc742eadb89fb0b7646fd0367e34044977e92026f026cab5c0b288cf30838,c:\Users\USER\Documents\GitHub\seismic-correlation-insurance-loss\data\processed\notebook_6_baseline_insured_loss\work\markers\baseline_insured_loss_chunk_0022.json,c:\Users\USER\Documents\GitHub\seismic-correlation-insurance-loss\data\processed\notebook_6_baseline_insured_loss\work\chunk_validations\baseline_insured_loss_chunk_0022_validation.csv,True
5,24,117500,250,918,10610,5101615324.269068,2818634475.72451,2282980848.5445566,c:\Users\USER\Documents\GitHub\seismic-correlation-insurance-loss\data\processed\notebook_5_total_ground_up_loss\chunks\total_ground_up_loss_chunk_0024.csv.gz,40e56269e549382ec7e61866c86ca5bf703c4942f01593ab51b8a51e78deebd6,c:\Users\USER\Documents\GitHub\seismic-correlation-insurance-loss\data\processed\notebook_6_baseline_insured_loss\chunks\baseline_insured_loss_chunk_0024.csv.gz,21685480,a60fd0c5c3f275736f962b3cdcd39f0e8b8e2b1de27a1e2f657fd06ac608afda,c:\Users\USER\Documents\GitHub\seismic-correlation-insurance-loss\data\processed\notebook_6_baseline_insured_loss\work\markers\baseline_insured_loss_chunk_0024.json,c:\Users\USER\Documents\GitHub\seismic-correlation-insurance-loss\data\processed\notebook_6_baseline_insured_loss\work\chunk_validations\baseline_insured_loss_chunk_0024_validation.csv,True
6,3,117500,250,1134,1690,14869162080.165377,9802910973.687925,5066251106.477451,c:\Users\USER\Documents\GitHub\seismic-correlation-insurance-loss\data\processed\notebook_5_total_ground_up_loss\chunks\total_ground_up_loss_chunk_0003.csv.gz,6f34d31f131ba8d6476704411bdc59a373fc15172c232e0afbfe768c03a21266,c:\Users\USER\Documents\GitHub\seismic-correlation-insurance-loss\data\processed\notebook_6_baseline_insured_loss\chunks\baseline_insured_loss_chunk_0003.csv.gz,24495206,0ff40bcb9f8de3dddd3f5533a303099a501db03516eb0c39a2ceb3329fe2b969,c:\Users\USER\Documents\GitHub\seismic-correlation-insurance-loss\data\processed\notebook_6_baseline_insured_loss\work\markers\baseline_insured_loss_chunk_0003.json,c:\Users\USER\Documents\GitHub\seismic-correlation-insurance-loss\data\processed\notebook_6_baseline_insured_loss\work\chunk_validations\baseline_insured_loss_chunk_0003_validation.csv,True
7,25,117500,250,1245,10617,3612529577.4190674,1948003547.0810738,1664526030.337993,c:\Users\USER\Documents\GitHub\seismic-correlation-insurance-loss\data\processed\notebook_5_total_ground_up_loss\chunks\total_ground_up_loss_chunk_0025.csv.gz,9d84951de004130ee591b50350a0866fc196a2ecc2cb51194a908c5085373f7b,c:\Users\USER\Documents\GitHub\seismic-correlation-insurance-loss\data\processed\notebook_6_baseline_insured_loss\chunks\baseline_insured_loss_chunk_0025.csv.gz,21029636,400a258af52dd6cae46732ae5d4cc5af3756e0a971f5b39f42389fd9da1dae32,c:\Users\USER\Documents\GitHub\seismic-correlation-insurance-loss\data\processed\notebook_6_baseline_insured_loss\work\markers\baseline_insured_loss_chunk_0025.json,c:\Users\USER\Documents\GitHub\seismic-correlation-insurance-loss\data\processed\notebook_6_baseline_insured_loss\work\chunk_validations\baseline_insured_loss_chunk_0025_validation.csv,True
8,26,117500,250,1441,1977,2884027207.060216,1437760398.0407028,1446266809.0195136,c:\Users\USER\Documents\GitHub\seismic-correlation-insurance-loss\data\processed\notebook_5_total_ground_up_loss\chunks\total_ground_up_loss_chunk_0026.csv.gz,552ff475fabebee9a00e8829373fa62f3b87173c3cad49a4f0c9e1442ebdc077,c:\Users\USER\Documents\GitHub\seismic-correlation-insurance-loss\data\processed\notebook_6_baseline_insured_loss\chunks\baseline_insured_loss_chunk_0026.csv.gz,20788617,bb33ee7ea4858c4d2e94cbb8f1e963892f16e7e2f0cc1597a2ca90be79bf464b,c:\Users\USER\Documents\GitHub\seismic-correlation-insurance-loss\data\processed\notebook_6_baseline_insured_loss\work\markers\baseline_insured_loss_chunk_0026.json,c:\Users\USER\Documents\GitHub\seismic-correlation-insurance-loss\data\processed\notebook_6_baseline_insured_loss\work\chunk_validations\baseline_insured_loss_chunk_0026_validation.csv,True
9,4,117500,250,1691,2180,14838730205.820593,9643787137.396547,5194943068.4240465,c:\Users\USER\Documents\GitHub\seismic-correlation-insurance-loss\data\processed\notebook_5_total_ground_up_loss\chunks\total_ground_up_loss_chunk_0004.csv.gz,9b618ce16d8af17ce56f33fc8aa4b2707c1257167a795235dbacfd306fdb1d59,c:\Users\USER\Documents\GitHub\seismic-correlation-insurance-loss\data\processed\notebook_6_baseline_insured_loss\chunks\baseline_insured_loss_chunk_0004.csv.gz,24622661,f642432abb4d622d7867015e5562f19061dbc74a34753da2769687dced4d04ca,c:\Users\USER\Documents\GitHub\seismic-correlation-insurance-loss\data\processed\notebook_6_baseline_insured_loss\work\markers\baseline_insured_loss_chunk_0004.json,c:\Users\USER\Documents\GitHub\seismic-correlation-insurance-loss\data\processed\notebook_6_baseline_insured_loss\work\chunk_validations\baseline_insured_loss_chunk_0004_validation.csv,True
10,27,117500,250,1980,10607,2737766208.0291314,1286668060.613779,1451098147.4153526,c:\Users\USER\Documents\GitHub\seismic-correlation-insurance-loss\data\processed\notebook_5_total_ground_up_loss\chunks\total_ground_up_loss_chunk_0027.csv.gz,0462c44d08bfaf939314399671373be016938b184437671997b545a8672b0e3c,c:\Users\USER\Documents\GitHub\seismic-correlation-insurance-loss\data\processed\notebook_6_baseline_insured_loss\chunks\baseline_insured_loss_chunk_0027.csv.gz,20852707,ae06bc969a18e9d2512836c36bdc467bc9ce6bf30e91ce49dcc477fc9e384673,c:\Users\USER\Documents\GitHub\seismic-correlation-insurance-loss\data\processed\notebook_6_baseline_insured_loss\work\markers\baseline_insured_loss_chunk_0027.json,c:\Users\USER\Documents\GitHub\seismic-correlation-insurance-loss\data\processed\notebook_6_baseline_insured_loss\work\chunk_validations\baseline_insured_loss_chunk_0027_validation.csv,True
11,5,117500,250,2181,2666,13728750916.836685,8954783563.383287,4773967353.453398,c:\Users\USER\Documents\GitHub\seismic-correlation-insurance-loss\data\processed\notebook_5_total_ground_up_loss\chunks\total_ground_up_loss_chunk_0005.csv.gz,143c436ede549a9bc0e1a612126150e1a90c153a9b9bf80976453ca02c3e7d3a,c:\Users\USER\Documents\GitHub\seismic-correlation-insurance-loss\data\processed\notebook_6_baseline_insured_loss\chunks\baseline_insured_loss_chunk_0005.csv.gz,24198291,c4a429d89ff323b234fd391ccfe4ea4bc637090103502be082dcc66d236febd3,c:\Users\USER\Documents\GitHub\seismic-correlation-insurance-loss\data\processed\notebook_6_baseline_insured_loss\work\markers\baseline_insured_loss_chunk_0005.json,c:\Users\USER\Documents\GitHub\seismic-correlation-insurance-loss\data\processed\notebook_6_baseline_insured_loss\work\chunk_validations\baseline_insured_loss_chunk_0005_validation.csv,True
12,28,117500,250,2213,8629,2680814286.244793,1315200875.210674,1365613411.0341194,c:\Users\USER\Documents\GitHub\seismic-correlation-insurance-loss\data\processed\notebook_5_total_ground_up_loss\chunks\total_ground_up_loss_chunk_0028.csv.gz,ef19d7dc70c322963ca74e39de1b5c33d51e2ff7053986d35b6d401be81709f4,c:\Users\USER\Documents\GitHub\seismic-correlation-insurance-loss\data\processed\notebook_6_baseline_insured_loss\chunks\baseline_insured_loss_chunk_0028.csv.gz,20726877,f0c753408e1d83546363da1e1c8ddc8ed2699b507ec367da667d0ab6d5e83ac5,c:\Users\USER\Documents\GitHub\seismic-correlation-insurance-loss\data\processed\notebook_6_baseline_insured_loss\work\markers\baseline_insured_loss_chunk_0028.json,c:\Users\USER\Documents\GitHub\seismic-correlation-insurance-loss\data\processed\notebook_6_baseline_insured_loss\work\chunk_validations\baseline_insured_loss_chunk_0028_validation.csv,True
13,29,117500,250,2606,10625,3244387440.0417337,1711066121.6608276,1533321318.3809066,c:\Users\USER\Documents\GitHub\seismic-correlation-insurance-loss\data\processed\notebook_5_total_ground_up_loss\chunks\total_ground_up_loss_chunk_0029.csv.gz,495ac641a2325e23760fd7083cae20b52b051d367e7a6759d16ab148ab59576d,c:\Users\USER\Documents\GitHub\seismic-correlation-insurance-loss\data\processed\notebook_6_baseline_insured_loss\chunks\baseline_insured_loss_chunk_0029.csv.gz,20900600,2e1a998dd9d87d6165e9a034e3e6c67f554b9c47e5b0e79b14ba1c0a096a1c83,c:\Users\USER\Documents\GitHub\seismic-correlation-insurance-loss\data\processed\notebook_6_baseline_insured_loss\work\markers\baseline_insured_loss_chunk_0029.json,c:\Users\USER\Documents\GitHub\seismic-correlation-insurance-loss\data\processed\notebook_6_baseline_insured_loss\work\chunk_validations\baseline_insured_loss_chunk_0029_validation.csv,True
14,6,117500,250,2669,3144,15144040490.633694,9792307830.109743,5351732660.523951,c:\Users\USER\Documents\GitHub\seismic-correlation-insurance-loss\data\processed\notebook_5_total_ground_up_loss\chunks\total_ground_up_loss_chunk_0006.csv.gz,9063b85dea52105e460799659d2d0f44a9d670155b8bc8eb036d2db64904cf94,c:\Users\USER\Documents\GitHub\seismic-correlation-insurance-loss\data\processed\notebook_6_baseline_insured_loss\chunks\baseline_insured_loss_chunk_0006.csv.gz,24814027,b2382eb8a78369acb9befd1084e647db5789b9efb2638c2b63d79431bf2df824,c:\Users\USER\Documents\GitHub\seismic-correlation-insurance-loss\data\processed\notebook_6_baseline_insured_loss\work\markers\baseline_insured_loss_chunk_0006.json,c:\Users\USER\Documents\GitHub\seismic-correlation-insurance-loss\data\processed\notebook_6_baseline_insured_loss\work\chunk_validations\baseline_insured_loss_chunk_0006_validation.csv,True
15,23,117500,250,2711,8580,7052526538.738665,4014626485.3923526,3037900053.3463125,c:\Users\USER\Documents\GitHub\seismic-correlation-insurance-loss\data\processed\notebook_5_total_ground_up_loss\chunks\total_ground_up_loss_chunk_0023.csv.gz,7efd9c93c16fba5643fc76019bc03c4cc705e36531f0ae918089616d40f5e78e,c:\Users\USER\Documents\GitHub\seismic-correlation-insurance-loss\data\processed\notebook_6_baseline_insured_loss\chunks\baseline_insured_loss_chunk_0023.csv.gz,22527923,d6b798324cc4194e27d9eb97f874e34560e699fedf05bcf734af10312961ce18,c:\Users\USER\Documents\GitHub\seismic-correlation-insurance-loss\data\processed\notebook_6_baseline_insured_loss\work\markers\baseline_insured_loss_chunk_0023.json,c:\Users\USER\Documents\GitHub\seismic-correlation-insurance-loss\data\processed\notebook_6_baseline_insured_loss\work\chunk_validations\baseline_insured_loss_chunk_0023_validation.csv,True
16,7,117500,250,3148,3615,15153163656.189116,9980598909.561275,5172564746.627841,c:\Users\USER\Documents\GitHub\seismic-correlation-insurance-loss\data\processed\notebook_5_total_ground_up_loss\chunks\total_ground_up_loss_chunk_0007.csv.gz,5ef2ee00dca2c25331b58afeb39e0127f0a5020bd06923f9167fb08ecedfedbc,c:\Users\USER\Documents\GitHub\seismic-correlation-insurance-loss\data\processed\notebook_6_baseline_insured_loss\chunks\baseline_insured_loss_chunk_0007.csv.gz,24595607,6022f5ab142c936cfec9fde4751a55f03ddca58b2137143ce800ca4a49150ac0,c:\Users\USER\Documents\GitHub\seismic-correlation-insurance-loss\data\processed\notebook_6_baseline_insured_loss\work\markers\baseline_insured_loss_chunk_0007.json,c:\Users\USER\Documents\GitHub\seismic-correlation-insurance-loss\data\processed\notebook_6_baseline_insured_loss\work\chunk_validations\baseline_insured_loss_chunk_0007_validation.csv,True
17,30,117500,250,3181,10494,2871120081.056469,1507604883.1084495,1363515197.9480195,c:\Users\USER\Documents\GitHub\seismic-correlation-insurance-loss\data\processed\notebook_5_total_ground_up_loss\chunks\total_ground_up_loss_chunk_0030.csv.gz,ff7abdff8c591909c60a96f2e84dfd76f4fb48b29b5f919dcdb494d74d2583bc,c:\Users\USER\Documents\GitHub\seismic-correlation-insurance-loss\data\processed\notebook_6_baseline_insured_loss\chunks\baseline_insured_loss_chunk_0030.csv.gz,20713321,6dd7045ae29ff9842d142604f6755c39dc28f74cb47dbaf51b519614a5edc5a4,c:\Users\USER\Documents\GitHub\seismic-correlation-insurance-loss\data\processed\notebook_6_baseline_insured_loss\work\markers\baseline_insured_loss_chunk_0030.json,c:\Users\USER\Documents\GitHub\seismic-correlation-insurance-loss\data\processed\notebook_6_baseline_insured_loss\work\chunk_validations\baseline_insured_loss_chunk_0030_validation.csv,True
18,31,117500,250,3512,9112,3306146527.2923,1677874597.7894115,1628271929.502889,c:\Users\USER\Documents\GitHub\seismic-correlation-insurance-loss\data\processed\notebook_5_total_ground_up_loss\chunks\total_ground_up_loss_chunk_0031.csv.gz,e088cb7697c0cef2e84413900e869f2f692a5f91eaff187be0e2b9778645285a,c:\Users\USER\Documents\GitHub\seismic-correlation-insurance-loss\data\processed\notebook_6_baseline_insured_loss\chunks\baseline_insured_loss_chunk_0031.csv.gz,21024045,f7aa4cc18e0084eeb86335c5d1218a9d03d8b48ca06daeaa15094cf609a87b92,c:\Users\USER\Documents\GitHub\seismic-correlation-insurance-loss\data\processed\notebook_6_baseline_insured_loss\work\markers\baseline_insured_loss_chunk_0031.json,c:\Users\USER\Documents\GitHub\seismic-correlation-insurance-loss\data\processed\notebook_6_baseline_insured_loss\work\chunk_validations\baseline_insured_loss_chunk_0031_validation.csv,True
19,8,117500,250,3616,4129,14708567026.612513,9484735109.100426,5223831917.512087,c:\Users\USER\Documents\GitHub\seismic-correlation-insurance-loss\data\processed\notebook_5_total_ground_up_loss\chunks\total_ground_up_loss_chunk_0008.csv.gz,03c0ce49e35b68a9ba68001affc0da1384c9a71a03283a268c466a9f4847628f,c:\Users\USER\Documents\GitHub\seismic-correlation-insurance-loss\data\processed\notebook_6_baseline_insured_loss\chunks\baseline_insured_loss_chunk_0008.csv.gz,24644191,a34e6c42b03463ded72be147fcafa2719106cf2d56c8afd07de0f55412def5b2,c:\Users\USER\Documents\GitHub\seismic-correlation-insurance-loss\data\processed\notebook_6_baseline_insured_loss\work\markers\baseline_insured_loss_chunk_0008.json,c:\Users\USER\Documents\GitHub\seismic-correlation-insurance-loss\data\processed\notebook_6_baseline_insured_loss\work\chunk_validations\baseline_insured_loss_chunk_0008_validation.csv,True
20,32,117500,250,3946,10623,3042895280.7500014,1572718787.5481887,1470176493.2018127,c:\Users\USER\Documents\GitHub\seismic-correlation-insurance-loss\data\processed\notebook_5_total_ground_up_loss\chunks\total_ground_up_loss_chunk_0032.csv.gz,68dde5e65c3aa7887cefa9f0dc09a03ed89caa2c1de4cacb2d7af75d1c8e263b,c:\Users\USER\Documents\GitHub\seismic-correlation-insurance-loss\data\processed\notebook_6_baseline_insured_loss\chunks\baseline_insured_loss_chunk_0032.csv.gz,20831707,d4e3b9770352867d9c17988cbc6cf15383372a5bd01ce00606274a7fe7d26103,c:\Users\USER\Documents\GitHub\seismic-correlation-insurance-loss\data\processed\notebook_6_baseline_insured_loss\work\markers\baseline_insured_loss_chunk_0032.json,c:\Users\USER\Documents\GitHub\seismic-correlation-insurance-loss\data\processed\notebook_6_baseline_insured_loss\work\chunk_validations\baseline_insured_loss_chunk_0032_validation.csv,True
21,9,117500,250,4130,4639,15948334556.937054,10536420613.673794,5411913943.263262,c:\Users\USER\Documents\GitHub\seismic-correlation-insurance-loss\data\processed\notebook_5_total_ground_up_loss\chunks\total_ground_up_loss_chunk_0009.csv.gz,bd27e346c2017baa009fcf83bd5d61c214a7b0ac201692a4647f7d35a1685c13,c:\Users\USER\Documents\GitHub\seismic-correlation-insurance-loss\data\processed\notebook_6_baseline_insured_loss\chunks\baseline_insured_loss_chunk_0009.csv.gz,24843162,f73a89ff451f87d2a9ce3cbc4ac4294c744b8186208c56f901c510764bddf8c2,c:\Users\USER\Documents\GitHub\seismic-correlation-insurance-loss\data\processed\notebook_6_baseline_insured_loss\work\markers\baseline_insured_loss_chunk_0009.json,c:\Users\USER\Documents\GitHub\seismic-correlation-insurance-loss\data\processed\notebook_6_baseline_insured_loss\work\chunk_validations\baseline_insured_loss_chunk_0009_validation.csv,True
22,33,117500,250,4526,10627,2999213346.691515,1453913869.7066605,1545299476.9848545,c:\Users\USER\Documents\GitHub\seismic-correlation-insurance-loss\data\processed\notebook_5_total_ground_up_loss\chunks\total_ground_up_loss_chunk_0033.csv.gz,8d7a05fe0464c29c02751a8c1e80d932a7a537b295474a15e31eeec666409d8b,c:\Users\USER\Documents\GitHub\seismic-correlation-insurance-loss\data\processed\notebook_6_baseline_insured_loss\chunks\baseline_insured_loss_chunk_0033.csv.gz,20922423,10f787dbe8f001abfadbc1c393bc0b5ba8e62c0a0f270589715e33ca3b63ae22,c:\Users\USER\Documents\GitHub\seismic-correlation-insurance-loss\data\processed\notebook_6_baseline_insured_loss\work\markers\baseline_insured_loss_chunk_0033.json,c:\Users\USER\Documents\GitHub\seismic-correlation-insurance-loss\data\processed\notebook_6_baseline_insured_loss\work\chunk_validations\baseline_insured_loss_chunk_0033_validation.csv,True
23,10,117500,250,4640,5138,15514726963.02109,10059727822.627192,5454999140.393902,c:\Users\USER\Documents\GitHub\seismic-correlation-insurance-loss\data\processed\notebook_5_total_ground_up_loss\chunks\total_ground_up_loss_chunk_0010.csv.gz,2a1dd6fb0e61655e87f65bd5390e9cca305ac7c4476d94e44b2beed0d4bb21ac,c:\Users\USER\Documents\GitHub\seismic-correlation-insurance-loss\data\processed\notebook_6_baseline_insured_loss\chunks\baseline_insured_loss_chunk_0010.csv.gz,24890994,27e22146880968c4f28bd68e244b63b81c2aad082ebbf527d064ebc3f002111a,c:\Users\USER\Documents\GitHub\seismic-correlation-insurance-loss\data\processed\notebook_6_baseline_insured_loss\work\markers\baseline_insured_loss_chunk_0010.json,c:\Users\USER\Documents\GitHub\seismic-correlation-insurance-loss\data\processed\notebook_6_baseline_insured_loss\work\chunk_validations\baseline_insured_loss_chunk_0010_validation.csv,True
24,34,117500,250,4987,10621,2614635101.381764,1252358253.732621,1362276847.6491432,c:\Users\USER\Documents\GitHub\seismic-correlation-insurance-loss\data\processed\notebook_5_total_ground_up_loss\chunks\total_ground_up_loss_chunk_0034.csv.gz,8e9c7f31670a8bf64ba445bd0ca71b34bb9990cc9add0f6490197f9b76aa19fa,c:\Users\USER\Documents\GitHub\seismic-correlation-insurance-loss\data\processed\notebook_6_baseline_insured_loss\chunks\baseline_insured_loss_chunk_0034.csv.gz,20736311,2d45f0516c498b75c2d7f0387c7e6df7a03c7b7106f4ea26c8a9177a0867f958,c:\Users\USER\Documents\GitHub\seismic-correlation-insurance-loss\data\processed\notebook_6_baseline_insured_loss\work\markers\baseline_insured_loss_chunk_0034.json,c:\Users\USER\Documents\GitHub\seismic-correlation-insurance-loss\data\processed\notebook_6_baseline_insured_loss\work\chunk_validations\baseline_insured_loss_chunk_0034_validation.csv,True
25,11,117500,250,5140,5629,14583012138.62713,9355575817.207724,5227436321.419406,c:\Users\USER\Documents\GitHub\seismic-correlation-insurance-loss\data\processed\notebook_5_total_ground_up_loss\chunks\total_ground_up_loss_chunk_0011.csv.gz,bb8ef506ee7a59d0e02277a62dd3f567dcccc5af7cf9fe8bfb09f43ff81a85a7,c:\Users\USER\Documents\GitHub\seismic-correlation-insurance-loss\data\processed\notebook_6_baseline_insured_loss\chunks\baseline_insured_loss_chunk_0011.csv.gz,24675195,fc17daea43ebcd3b2731ced75c54e4bf5d65c8065d51de98ea477ba4d9894fc5,c:\Users\USER\Documents\GitHub\seismic-correlation-insurance-loss\data\processed\notebook_6_baseline_insured_loss\work\markers\baseline_insured_loss_chunk_0011.json,c:\Users\USER\Documents\GitHub\seismic-correlation-insurance-loss\data\processed\notebook_6_baseline_insured_loss\work\chunk_validations\baseline_insured_loss_chunk_0011_validation.csv,True
26,35,117500,250,5487,10108,3959264387.103468,2074764048.3382344,1884500338.765233,c:\Users\USER\Documents\GitHub\seismic-correlation-insurance-loss\data\processed\notebook_5_total_ground_up_loss\chunks\total_ground_up_loss_chunk_0035.csv.gz,62e5b395f5546fba3f7e2c1f42fb6895e8df77a77f1f74e689ec85078b0976e9,c:\Users\USER\Documents\GitHub\seismic-correlation-insurance-loss\data\processed\notebook_6_baseline_insured_loss\chunks\baseline_insured_loss_chunk_0035.csv.gz,21286517,ba1ee019447072e1603b0956daa4af0d0be427e35d7cae0641a0f4650a53e477,c:\Users\USER\Documents\GitHub\seismic-correlation-insurance-loss\data\processed\notebook_6_baseline_insured_loss\work\markers\baseline_insured_loss_chunk_0035.json,c:\Users\USER\Documents\GitHub\seismic-correlation-insurance-loss\data\processed\notebook_6_baseline_insured_loss\work\chunk_validations\baseline_insured_loss_chunk_0035_validation.csv,True
27,12,117500,250,5630,6157,15174377015.977552,9946137771.660053,5228239244.3175,c:\Users\USER\Documents\GitHub\seismic-correlation-insurance-loss\data\processed\notebook_5_total_ground_up_loss\chunks\total_ground_up_loss_chunk_0012.csv.gz,81bf3679f855219bf8891886fef64f81d0599f0b365bf5d42dd58c91adb4381a,c:\Users\USER\Documents\GitHub\seismic-correlation-insurance-loss\data\processed\notebook_6_baseline_insured_loss\chunks\baseline_insured_loss_chunk_0012.csv.gz,24644244,6132f5a0439ad817b9e20988fa7040889693b30b87fcd06cea5eaa5c22c726cb,c:\Users\USER\Documents\GitHub\seismic-correlation-insurance-loss\data\processed\notebook_6_baseline_insured_loss\work\markers\baseline_insured_loss_chunk_0012.json,c:\Users\USER\Documents\GitHub\seismic-correlation-insurance-loss\data\processed\notebook_6_baseline_insured_loss\work\chunk_validations\baseline_insured_loss_chunk_0012_validation.csv,True
28,36,117500,250,6011,10581,3657754311.024843,2031114646.0703921,1626639664.9544506,c:\Users\USER\Documents\GitHub\seismic-correlation-insurance-loss\data\processed\notebook_5_total_ground_up_loss\chunks\total_ground_up_loss_chunk_0036.csv.gz,2c5094b436fcf1d07402c6addbcf74b87e4e6ddea0118c500914723b1dc916c2,c:\Users\USER\Documents\GitHub\seismic-correlation-insurance-loss\data\processed\notebook_6_baseline_insured_loss\chunks\baseline_insured_loss_chunk_0036.csv.gz,20993558,a37950a91fe38d54181b7826d546fc8c363ab21a44c11977f6326c8931437ad4,c:\Users\USER\Documents\GitHub\seismic-correlation-insurance-loss\data\processed\notebook_6_baseline_insured_loss\work\markers\baseline_insured_loss_chunk_0036.json,c:\Users\USER\Documents\GitHub\seismic-correlation-insurance-loss\data\processed\notebook_6_baseline_insured_loss\work\chunk_validations\baseline_insured_loss_chunk_0036_validation.csv,True
29,13,117500,250,6158,6644,13836638865.885395,8869640095.118475,4966998770.766921,c:\Users\USER\Documents\GitHub\seismic-correlation-insurance-loss\data\processed\notebook_5_total_ground_up_loss\chunks\total_ground_up_loss_chunk_0013.csv.gz,e24f24514feec31a5080e2da54a7cd77818466abb50403a5a7f1398f300ed9d0,c:\Users\USER\Documents\GitHub\seismic-correlation-insurance-loss\data\processed\notebook_6_baseline_insured_loss\chunks\baseline_insured_loss_chunk_0013.csv.gz,24441115,6990cd864de0a6d63ffbcd651112f48f4b286315188d5b1d3fdb84ea2b5a6399,c:\Users\USER\Documents\GitHub\seismic-correlation-insurance-loss\data\processed\notebook_6_baseline_insured_loss\work\markers\baseline_insured_loss_chunk_0013.json,c:\Users\USER\Documents\GitHub\seismic-correlation-insurance-loss\data\processed\notebook_6_baseline_insured_loss\work\chunk_validations\baseline_insured_loss_chunk_0013_validation.csv,True
30,14,117500,250,6645,7155,16108567744.723791,10501361269.793297,5607206474.930493,c:\Users\USER\Documents\GitHub\seismic-correlation-insurance-loss\data\processed\notebook_5_total_ground_up_loss\chunks\total_ground_up_loss_chunk_0014.csv.gz,4b83602406f95d67090821bf9b7f3d8c740d1c7617f6b7a33d1c0358b5983d14,c:\Users\USER\Documents\GitHub\seismic-correlation-insurance-loss\data\processed\notebook_6_baseline_insured_loss\chunks\baseline_insured_loss_chunk_0014.csv.gz,25015538,5ad1f9059b6066c5cfb03271b567d325368dee3ac7048a3fda4783db2f144d86,c:\Users\USER\Documents\GitHub\seismic-correlation-insurance-loss\data\processed\notebook_6_baseline_insured_loss\work\markers\baseline_insured_loss_chunk_0014.json,c:\Users\USER\Documents\GitHub\seismic-correlation-insurance-loss\data\processed\notebook_6_baseline_insured_loss\work\chunk_validations\baseline_insured_loss_chunk_0014_validation.csv,True
31,37,117500,250,6715,10579,2978015626.873354,1578063137.5448973,1399952489.3284557,c:\Users\USER\Documents\GitHub\seismic-correlation-insurance-loss\data\processed\notebook_5_total_ground_up_loss\chunks\total_ground_up_loss_chunk_0037.csv.gz,34ef5ef5fc2d293f56310bd5748342fbba9c97cd54614d311af1a8d5fe75d6fd,c:\Users\USER\Documents\GitHub\seismic-correlation-insurance-loss\data\processed\notebook_6_baseline_insured_loss\chunks\baseline_insured_loss_chunk_0037.csv.gz,20772591,d79d47eee4c309cac448c9cb8a3c86df626227168ec750586646c837f45997ff,c:\Users\USER\Documents\GitHub\seismic-correlation-insurance-loss\data\processed\notebook_6_baseline_insured_loss\work\markers\baseline_insured_loss_chunk_0037.json,c:\Users\USER\Documents\GitHub\seismic-correlation-insurance-loss\data\processed\notebook_6_baseline_insured_loss\work\chunk_validations\baseline_insured_loss_chunk_0037_validation.csv,True
32,15,117500,250,7157,7656,14737049496.363007,9579206506.97592,5157842989.387085,c:\Users\USER\Documents\GitHub\seismic-correlation-insurance-loss\data\processed\notebook_5_total_ground_up_loss\chunks\total_ground_up_loss_chunk_0015.csv.gz,d218463a2351eef7d4a6462cf15951619820b21fe22a93307ca62558d31129a3,c:\Users\USER\Documents\GitHub\seismic-correlation-insurance-loss\data\processed\notebook_6_baseline_insured_loss\chunks\baseline_insured_loss_chunk_0015.csv.gz,24571840,946810ab40f773ff3fed62b2cd43bfac77e83e3a32200693ea282f374e9ef9bc,c:\Users\USER\Documents\GitHub\seismic-correlation-insurance-loss\data\processed\notebook_6_baseline_insured_loss\work\markers\baseline_insured_loss_chunk_0015.json,c:\Users\USER\Documents\GitHub\seismic-correlation-insurance-loss\data\processed\notebook_6_baseline_insured_loss\work\chunk_validations\baseline_insured_loss_chunk_0015_validation.csv,True
33,38,117500,250,7297,10515,3009882957.3886414,1477678769.4878006,1532204187.900841,c:\Users\USER\Documents\GitHub\seismic-correlation-insurance-loss\data\processed\notebook_5_total_ground_up_loss\chunks\total_ground_up_loss_chunk_0038.csv.gz,44e2d387877c070fd862016672a2255d84587b877e741c58fa67bc9f0e3fc974,c:\Users\USER\Documents\GitHub\seismic-correlation-insurance-loss\data\processed\notebook_6_baseline_insured_loss\chunks\baseline_insured_loss_chunk_0038.csv.gz,20944223,aac67623f5aa3bcbc5643314add20a5b1cd177c5277938f97e1bd77de5e0a714,c:\Users\USER\Documents\GitHub\seismic-correlation-insurance-loss\data\processed\notebook_6_baseline_insured_loss\work\markers\baseline_insured_loss_chunk_0038.json,c:\Users\USER\Documents\GitHub\seismic-correlation-insurance-loss\data\processed\notebook_6_baseline_insured_loss\work\chunk_validations\baseline_insured_loss_chunk_0038_validation.csv,True
34,16,117500,250,7657,8199,14699910243.975445,9486399119.361372,5213511124.614073,c:\Users\USER\Documents\GitHub\seismic-correlation-insurance-loss\data\processed\notebook_5_total_ground_up_loss\chunks\total_ground_up_loss_chunk_0016.csv.gz,82990aa25adea07ea8ea942b6fa6818f190acf98874e0c64e397082ef1a9a72f,c:\Users\USER\Documents\GitHub\seismic-correlation-insurance-loss\data\processed\notebook_6_baseline_insured_loss\chunks\baseline_insured_loss_chunk_0016.csv.gz,24650585,84d3bdb4638fcdfb5926e93b5301829e0a8eabfebef2ed734a8f256e9eff49b7,c:\Users\USER\Documents\GitHub\seismic-correlation-insurance-loss\data\processed\notebook_6_baseline_insured_loss\work\markers\baseline_insured_loss_chunk_0016.json,c:\Users\USER\Documents\GitHub\seismic-correlation-insurance-loss\data\processed\notebook_6_baseline_insured_loss\work\chunk_validations\baseline_insured_loss_chunk_0016_validation.csv,True
35,39,117500,250,7921,10626,2903462005.584304,1490970116.538444,1412491889.04586,c:\Users\USER\Documents\GitHub\seismic-correlation-insurance-loss\data\processed\notebook_5_total_ground_up_loss\chunks\total_ground_up_loss_chunk_0039.csv.gz,aadfef4cd0c94c008b83e4d24ae943e6b999d4042504184799e878793474bde8,c:\Users\USER\Documents\GitHub\seismic-correlation-insurance-loss\data\processed\notebook_6_baseline_insured_loss\chunks\baseline_insured_loss_chunk_0039.csv.gz,20759588,4b92d3950121055f0ee3b1230b2328a4084b39175535686220c8c77d617ab286,c:\Users\USER\Documents\GitHub\seismic-correlation-insurance-loss\data\processed\notebook_6_baseline_insured_loss\work\markers\baseline_insured_loss_chunk_0039.json,c:\Users\USER\Documents\GitHub\seismic-correlation-insurance-loss\data\processed\notebook_6_baseline_insured_loss\work\chunk_validations\baseline_insured_loss_chunk_0039_validation.csv,True
36,17,117500,250,8200,8716,15571694492.968338,10200376165.657711,5371318327.310625,c:\Users\USER\Documents\GitHub\seismic-correlation-insurance-loss\data\processed\notebook_5_total_ground_up_loss\chunks\total_ground_up_loss_chunk_0017.csv.gz,daf08dcbb781b2a6bf5bda920f9d431c65a7e2699820bffc94fbfd949c70b6e9,c:\Users\USER\Documents\GitHub\seismic-correlation-insurance-loss\data\processed\notebook_6_baseline_insured_loss\chunks\baseline_insured_loss_chunk_0017.csv.gz,24798734,4d17b1dd4283d680324adb54c068d638c9ba7ef73cefbd7bcb0966e25a505c7c,c:\Users\USER\Documents\GitHub\seismic-correlation-insurance-loss\data\processed\notebook_6_baseline_insured_loss\work\markers\baseline_insured_loss_chunk_0017.json,c:\Users\USER\Documents\GitHub\seismic-correlation-insurance-loss\data\processed\notebook_6_baseline_insured_loss\work\chunk_validations\baseline_insured_loss_chunk_0017_validation.csv,True
37,40,117500,250,8558,10597,3914150491.7502685,2197498008.161501,1716652483.588768,c:\Users\USER\Documents\GitHub\seismic-correlation-insurance-loss\data\processed\notebook_5_total_ground_up_loss\chunks\total_ground_up_loss_chunk_0040.csv.gz,b1f4ec2dfb56dd9df602d9a00cc2b793cbe191a06509e3cd2498d6f6cc18c5f0,c:\Users\USER\Documents\GitHub\seismic-correlation-insurance-loss\data\processed\notebook_6_baseline_insured_loss\chunks\baseline_insured_loss_chunk_0040.csv.gz,21102644,341d535ee323673e9672ae42dafdf23ffd95d02ebd0cd47354f8592284907f79,c:\Users\USER\Documents\GitHub\seismic-correlation-insurance-loss\data\processed\notebook_6_baseline_insured_loss\work\markers\baseline_insured_loss_chunk_0040.json,c:\Users\USER\Documents\GitHub\seismic-correlation-insurance-loss\data\processed\notebook_6_baseline_insured_loss\work\chunk_validations\baseline_insured_loss_chunk_0040_validation.csv,True
38,18,117500,250,8717,9233,15595896509.615868,10277036473.76212,5318860035.853749,c:\Users\USER\Documents\GitHub\seismic-correlation-insurance-loss\data\processed\notebook_5_total_ground_up_loss\chunks\total_ground_up_loss_chunk_0018.csv.gz,07d35085de0c4c73ea80b5444f6df8b605bb8aad6bc0c705fcc1fbec4dfdc5c5,c:\Users\USER\Documents\GitHub\seismic-correlation-insurance-loss\data\processed\notebook_6_baseline_insured_loss\chunks\baseline_insured_loss_chunk_0018.csv.gz,24720669,e09cedcfd5c7d6a2291a69285d9df995f37a10eded6bb9a84e7e3355ee458030,c:\Users\USER\Documents\GitHub\seismic-correlation-insurance-loss\data\processed\notebook_6_baseline_insured_loss\work\markers\baseline_insured_loss_chunk_0018.json,c:\Users\USER\Documents\GitHub\seismic-correlation-insurance-loss\data\processed\notebook_6_baseline_insured_loss\work\chunk_validations\baseline_insured_loss_chunk_0018_validation.csv,True
39,19,117500,250,9234,9743,16849508276.05026,11211707485.95195,5637800790.09831,c:\Users\USER\Documents\GitHub\seismic-correlation-insurance-loss\data\processed\notebook_5_total_ground_up_loss\chunks\total_ground_up_loss_chunk_0019.csv.gz,e2d8ce3bffe00486a8f45a9c7e2227106bc9c3cbf0702c35d36ef096aaa08fbf,c:\Users\USER\Documents\GitHub\seismic-correlation-insurance-loss\data\processed\notebook_6_baseline_insured_loss\chunks\baseline_insured_loss_chunk_0019.csv.gz,25058996,859103542e17f709c6aafa468166d95317fa825f19a709dbd58ac9e8c2bf1658,c:\Users\USER\Documents\GitHub\seismic-correlation-insurance-loss\data\processed\notebook_6_baseline_insured_loss\work\markers\baseline_insured_loss_chunk_0019.json,c:\Users\USER\Documents\GitHub\seismic-correlation-insurance-loss\data\processed\notebook_6_baseline_insured_loss\work\chunk_validations\baseline_insured_loss_chunk_0019_validation.csv,True
40,41,117500,250,9370,10470,3456715240.3464823,1840337484.530151,1616377755.8163314,c:\Users\USER\Documents\GitHub\seismic-correlation-insurance-loss\data\processed\notebook_5_total_ground_up_loss\chunks\total_ground_up_loss_chunk_0041.csv.gz,528631028fbb667c97c8a1ed95bc5547f1c28d9225d1b0a95f7d028ca52cd463,c:\Users\USER\Documents\GitHub\seismic-correlation-insurance-loss\data\processed\notebook_6_baseline_insured_loss\chunks\baseline_insured_loss_chunk_0041.csv.gz,20976373,175d0c075cc09561b982f06158126d867085b8416c7dda06973b17b2bdbf1ca7,c:\Users\USER\Documents\GitHub\seismic-correlation-insurance-loss\data\processed\notebook_6_baseline_insured_loss\work\markers\baseline_insured_loss_chunk_0041.json,c:\Users\USER\Documents\GitHub\seismic-correlation-insurance-loss\data\processed\notebook_6_baseline_insured_loss\work\chunk_validations\baseline_insured_loss_chunk_0041_validation.csv,True
41,20,117500,250,9744,10278,13843186348.22967,8803988445.9781,5039197902.251569,c:\Users\USER\Documents\GitHub\seismic-correlation-insurance-loss\data\processed\notebook_5_total_ground_up_loss\chunks\total_ground_up_loss_chunk_0020.csv.gz,79e11b0aafaac331926a7fc90fa08eb7a152282bc95fc6a40557c979301fd5ef,c:\Users\USER\Documents\GitHub\seismic-correlation-insurance-loss\data\processed\notebook_6_baseline_insured_loss\chunks\baseline_insured_loss_chunk_0020.csv.gz,24493188,ced42351ff6870a987098049614ce1a13d6cfcd20244c05c08a22817af10373b,c:\Users\USER\Documents\GitHub\seismic-correlation-insurance-loss\data\processed\notebook_6_baseline_insured_loss\work\markers\baseline_insured_loss_chunk_0020.json,c:\Users\USER\Documents\GitHub\seismic-correlation-insurance-loss\data\processed\notebook_6_baseline_insured_loss\work\chunk_validations\baseline_insured_loss_chunk_0020_validation.csv,True
42,42,61100,130,10160,10629,2296181935.8729568,1302637270.3366942,993544665.5362629,c:\Users\USER\Documents\GitHub\seismic-correlation-insurance-loss\data\processed\notebook_5_total_ground_up_loss\chunks\total_ground_up_loss_chunk_0042.csv.gz,a5d6aec310bbaa6b39173078342dff9edba29c73f13207f9b6ef2d389b1dd119,c:\Users\USER\Documents\GitHub\seismic-correlation-insurance-loss\data\processed\notebook_6_baseline_insured_loss\chunks\baseline_insured_loss_chunk_0042.csv.gz,11072062,cb05103d37f0091a395d5ae19bd4f4bceedff31cf9b82c102156780888320df3,c:\Users\USER\Documents\GitHub\seismic-correlation-insurance-loss\data\processed\notebook_6_baseline_insured_loss\work\markers\baseline_insured_loss_chunk_0042.json,c:\Users\USER\Documents\GitHub\seismic-correlation-insurance-loss\data\processed\notebook_6_baseline_insured_loss\work\chunk_validations\baseline_insured_loss_chunk_0042_validation.csv,True
