chunk_id,rows,occurrences,minimum_occurrence_ordinal,maximum_occurrence_ordinal,sampled_total_loss_sum_2022_usd,analytical_expected_total_loss_sum_2022_usd,input_cell5_path,input_cell5_sha256,input_cell10_path,input_cell10_sha256,output_path,output_size_bytes,output_sha256,marker_path,validation_path,reused
0000,117500,250,0,249,9792871665.098808,9744886067.490398,c:\Users\USER\Documents\GitHub\seismic-correlation-insurance-loss\data\processed\notebook_5_structural_loss\chunks\structural_loss_chunk_0000.csv.gz,58df87f7f0547ad6e3bcb098cb1aa86950816018e35046030ca503f7bbf1b306,c:\Users\USER\Documents\GitHub\seismic-correlation-insurance-loss\data\processed\notebook_5_nonstructural_loss\chunks\nonstructural_loss_chunk_0000.csv.gz,87fb92494c5e32dae053413c0356a614eef4d2aeee37ce766f17295c36b83fb9,c:\Users\USER\Documents\GitHub\seismic-correlation-insurance-loss\data\processed\notebook_5_total_ground_up_loss\chunks\total_ground_up_loss_chunk_0000.csv.gz,18307634,099418130b5135b9de06da0e0e5967386c54a7efffd37c6eb642b9e2049c8e06,c:\Users\USER\Documents\GitHub\seismic-correlation-insurance-loss\data\processed\notebook_5_total_ground_up_loss\work\markers\total_ground_up_loss_chunk_0000.json,c:\Users\USER\Documents\GitHub\seismic-correlation-insurance-loss\data\processed\notebook_5_total_ground_up_loss\work\chunk_validations\total_ground_up_loss_chunk_0000_validation.csv,True
0001,117500,250,250,574,11384762032.921413,11333922159.372166,c:\Users\USER\Documents\GitHub\seismic-correlation-insurance-loss\data\processed\notebook_5_structural_loss\chunks\structural_loss_chunk_0001.csv.gz,22a38330bfdfdaaf96fa33397311a69e3d63672eee1071d7dc238257a6fa2cda,c:\Users\USER\Documents\GitHub\seismic-correlation-insurance-loss\data\processed\notebook_5_nonstructural_loss\chunks\nonstructural_loss_chunk_0001.csv.gz,2629844694bd9d3a693c1365011ef60450d21a5a49b39382293ab62d8ecabd79,c:\Users\USER\Documents\GitHub\seismic-correlation-insurance-loss\data\processed\notebook_5_total_ground_up_loss\chunks\total_ground_up_loss_chunk_0001.csv.gz,18477407,49055f0a7b631f8fdbf638b7b69eddff0188972bb01934d31a940174611f122a,c:\Users\USER\Documents\GitHub\seismic-correlation-insurance-loss\data\processed\notebook_5_total_ground_up_loss\work\markers\total_ground_up_loss_chunk_0001.json,c:\Users\USER\Documents\GitHub\seismic-correlation-insurance-loss\data\processed\notebook_5_total_ground_up_loss\work\chunk_validations\total_ground_up_loss_chunk_0001_validation.csv,True
0021,117500,250,416,10628,11699554166.643036,11700295711.719646,c:\Users\USER\Documents\GitHub\seismic-correlation-insurance-loss\data\processed\notebook_5_structural_loss\chunks\structural_loss_chunk_0021.csv.gz,4be247df7f3774ef67a91f69328d914341a785bf9bc244a1cffaabf5613177d3,c:\Users\USER\Documents\GitHub\seismic-correlation-insurance-loss\data\processed\notebook_5_nonstructural_loss\chunks\nonstructural_loss_chunk_0021.csv.gz,43ce3dbd4173d856436f8b6dc9145da4c1e441ed76d6f9fe2ec8cb0342765bc6,c:\Users\USER\Documents\GitHub\seismic-correlation-insurance-loss\data\processed\notebook_5_total_ground_up_loss\chunks\total_ground_up_loss_chunk_0021.csv.gz,18595967,28c38b7258200a998885861a38eea90a65178d025ab357a83fb37eff7f3ac389,c:\Users\USER\Documents\GitHub\seismic-correlation-insurance-loss\data\processed\notebook_5_total_ground_up_loss\work\markers\total_ground_up_loss_chunk_0021.json,c:\Users\USER\Documents\GitHub\seismic-correlation-insurance-loss\data\processed\notebook_5_total_ground_up_loss\work\chunk_validations\total_ground_up_loss_chunk_0021_validation.csv,True
0002,117500,250,576,1131,15291718975.394766,15322848824.591118,c:\Users\USER\Documents\GitHub\seismic-correlation-insurance-loss\data\processed\notebook_5_structural_loss\chunks\structural_loss_chunk_0002.csv.gz,0accc5ebb43077a106bafe1b5673d06583ef83fc7d1988a420293e3bf3772fb5,c:\Users\USER\Documents\GitHub\seismic-correlation-insurance-loss\data\processed\notebook_5_nonstructural_loss\chunks\nonstructural_loss_chunk_0002.csv.gz,02932b4edeb565f6aa4710b137dd9e7051ad7e00a11d612b05793fab1fbe6aa2,c:\Users\USER\Documents\GitHub\seismic-correlation-insurance-loss\data\processed\notebook_5_total_ground_up_loss\chunks\total_ground_up_loss_chunk_0002.csv.gz,19145580,5fe84a3ed2629f5ceee7d9f00e2092fb1d80147ca77c6d06f33ff0737907a3e4,c:\Users\USER\Documents\GitHub\seismic-correlation-insurance-loss\data\processed\notebook_5_total_ground_up_loss\work\markers\total_ground_up_loss_chunk_0002.json,c:\Users\USER\Documents\GitHub\seismic-correlation-insurance-loss\data\processed\notebook_5_total_ground_up_loss\work\chunk_validations\total_ground_up_loss_chunk_0002_validation.csv,True
0022,117500,250,600,2686,4447572316.970486,4499641977.256105,c:\Users\USER\Documents\GitHub\seismic-correlation-insurance-loss\data\processed\notebook_5_structural_loss\chunks\structural_loss_chunk_0022.csv.gz,f23d7996974380c113415a7a088465243309f20e76fd1c1f1976285caee62d8d,c:\Users\USER\Documents\GitHub\seismic-correlation-insurance-loss\data\processed\notebook_5_nonstructural_loss\chunks\nonstructural_loss_chunk_0022.csv.gz,c9841760bf59f501d14883083fef8549ad0ff610866f5599fd366cf6a0d9f791,c:\Users\USER\Documents\GitHub\seismic-correlation-insurance-loss\data\processed\notebook_5_total_ground_up_loss\chunks\total_ground_up_loss_chunk_0022.csv.gz,17608212,0e352cf2c0be270ef8f6a2d8d5377254e9eebc3d90c6ae5304bf5e1c036e1549,c:\Users\USER\Documents\GitHub\seismic-correlation-insurance-loss\data\processed\notebook_5_total_ground_up_loss\work\markers\total_ground_up_loss_chunk_0022.json,c:\Users\USER\Documents\GitHub\seismic-correlation-insurance-loss\data\processed\notebook_5_total_ground_up_loss\work\chunk_validations\total_ground_up_loss_chunk_0022_validation.csv,True
0024,117500,250,918,10610,5101615324.269068,5054891670.763199,c:\Users\USER\Documents\GitHub\seismic-correlation-insurance-loss\data\processed\notebook_5_structural_loss\chunks\structural_loss_chunk_0024.csv.gz,1addeaacf4c6c0d013b11cce27cfa3ef04589f6cf7b60c6de4e38bed76e94c7d,c:\Users\USER\Documents\GitHub\seismic-correlation-insurance-loss\data\processed\notebook_5_nonstructural_loss\chunks\nonstructural_loss_chunk_0024.csv.gz,4de77717579c2c4818658a58f6137a5c5e29d7666cbd38c76fe95bb0206c2b11,c:\Users\USER\Documents\GitHub\seismic-correlation-insurance-loss\data\processed\notebook_5_total_ground_up_loss\chunks\total_ground_up_loss_chunk_0024.csv.gz,17717499,40e56269e549382ec7e61866c86ca5bf703c4942f01593ab51b8a51e78deebd6,c:\Users\USER\Documents\GitHub\seismic-correlation-insurance-loss\data\processed\notebook_5_total_ground_up_loss\work\markers\total_ground_up_loss_chunk_0024.json,c:\Users\USER\Documents\GitHub\seismic-correlation-insurance-loss\data\processed\notebook_5_total_ground_up_loss\work\chunk_validations\total_ground_up_loss_chunk_0024_validation.csv,True
0003,117500,250,1134,1690,14869162080.165377,14757429054.15163,c:\Users\USER\Documents\GitHub\seismic-correlation-insurance-loss\data\processed\notebook_5_structural_loss\chunks\structural_loss_chunk_0003.csv.gz,5d824997ee109026e5fd20bdd1f6a44bc7b39919ea41829babd62917851ae00a,c:\Users\USER\Documents\GitHub\seismic-correlation-insurance-loss\data\processed\notebook_5_nonstructural_loss\chunks\nonstructural_loss_chunk_0003.csv.gz,cc7aff82bafcb94c6693b038ab69dae3985137c40209087ff32d577923725fe9,c:\Users\USER\Documents\GitHub\seismic-correlation-insurance-loss\data\processed\notebook_5_total_ground_up_loss\chunks\total_ground_up_loss_chunk_0003.csv.gz,19001200,6f34d31f131ba8d6476704411bdc59a373fc15172c232e0afbfe768c03a21266,c:\Users\USER\Documents\GitHub\seismic-correlation-insurance-loss\data\processed\notebook_5_total_ground_up_loss\work\markers\total_ground_up_loss_chunk_0003.json,c:\Users\USER\Documents\GitHub\seismic-correlation-insurance-loss\data\processed\notebook_5_total_ground_up_loss\work\chunk_validations\total_ground_up_loss_chunk_0003_validation.csv,True
0025,117500,250,1245,10617,3612529577.4190674,3622241956.9156466,c:\Users\USER\Documents\GitHub\seismic-correlation-insurance-loss\data\processed\notebook_5_structural_loss\chunks\structural_loss_chunk_0025.csv.gz,dc6c1f8e1b23839b9e472d61d30222a7b3c17e95c9dda4a53b9c043d52597c1f,c:\Users\USER\Documents\GitHub\seismic-correlation-insurance-loss\data\processed\notebook_5_nonstructural_loss\chunks\nonstructural_loss_chunk_0025.csv.gz,a8e0cd9c345c84499c5bc876e7bdf9df127f3b3dff7db7c9fde061d1d503b4e9,c:\Users\USER\Documents\GitHub\seismic-correlation-insurance-loss\data\processed\notebook_5_total_ground_up_loss\chunks\total_ground_up_loss_chunk_0025.csv.gz,17402798,9d84951de004130ee591b50350a0866fc196a2ecc2cb51194a908c5085373f7b,c:\Users\USER\Documents\GitHub\seismic-correlation-insurance-loss\data\processed\notebook_5_total_ground_up_loss\work\markers\total_ground_up_loss_chunk_0025.json,c:\Users\USER\Documents\GitHub\seismic-correlation-insurance-loss\data\processed\notebook_5_total_ground_up_loss\work\chunk_validations\total_ground_up_loss_chunk_0025_validation.csv,True
0026,117500,250,1441,1977,2884027207.060216,2917425228.0207005,c:\Users\USER\Documents\GitHub\seismic-correlation-insurance-loss\data\processed\notebook_5_structural_loss\chunks\structural_loss_chunk_0026.csv.gz,778d083389589859fa49e5a6c3571c4e25c9e5b6fd9b96d860b0eab5b0cb29e1,c:\Users\USER\Documents\GitHub\seismic-correlation-insurance-loss\data\processed\notebook_5_nonstructural_loss\chunks\nonstructural_loss_chunk_0026.csv.gz,bbca85c61d3966db5924ee0ee541ab814a13e8a946f4604e6b19a5531cdb0e0e,c:\Users\USER\Documents\GitHub\seismic-correlation-insurance-loss\data\processed\notebook_5_total_ground_up_loss\chunks\total_ground_up_loss_chunk_0026.csv.gz,17294822,552ff475fabebee9a00e8829373fa62f3b87173c3cad49a4f0c9e1442ebdc077,c:\Users\USER\Documents\GitHub\seismic-correlation-insurance-loss\data\processed\notebook_5_total_ground_up_loss\work\markers\total_ground_up_loss_chunk_0026.json,c:\Users\USER\Documents\GitHub\seismic-correlation-insurance-loss\data\processed\notebook_5_total_ground_up_loss\work\chunk_validations\total_ground_up_loss_chunk_0026_validation.csv,True
0004,117500,250,1691,2180,14838730205.820593,14950749499.190195,c:\Users\USER\Documents\GitHub\seismic-correlation-insurance-loss\data\processed\notebook_5_structural_loss\chunks\structural_loss_chunk_0004.csv.gz,83591ba434eefe9541570de3aa6e35352c1d7d51e2d2816750dfd230fd7730ec,c:\Users\USER\Documents\GitHub\seismic-correlation-insurance-loss\data\processed\notebook_5_nonstructural_loss\chunks\nonstructural_loss_chunk_0004.csv.gz,758c7d2f9d612353f93580b64c756427cdf3e1bc9e72540cf3fdfd84df43cbe6,c:\Users\USER\Documents\GitHub\seismic-correlation-insurance-loss\data\processed\notebook_5_total_ground_up_loss\chunks\total_ground_up_loss_chunk_0004.csv.gz,19063913,9b618ce16d8af17ce56f33fc8aa4b2707c1257167a795235dbacfd306fdb1d59,c:\Users\USER\Documents\GitHub\seismic-correlation-insurance-loss\data\processed\notebook_5_total_ground_up_loss\work\markers\total_ground_up_loss_chunk_0004.json,c:\Users\USER\Documents\GitHub\seismic-correlation-insurance-loss\data\processed\notebook_5_total_ground_up_loss\work\chunk_validations\total_ground_up_loss_chunk_0004_validation.csv,True
0027,117500,250,1980,10607,2737766208.0291314,2745805953.174456,c:\Users\USER\Documents\GitHub\seismic-correlation-insurance-loss\data\processed\notebook_5_structural_loss\chunks\structural_loss_chunk_0027.csv.gz,e2885fe4dba5ecdf97079ab518012dc87648905cce10d4d2a77ddc50d862b5c7,c:\Users\USER\Documents\GitHub\seismic-correlation-insurance-loss\data\processed\notebook_5_nonstructural_loss\chunks\nonstructural_loss_chunk_0027.csv.gz,cf6b1db0034cf26f4f1dc1eda4f4a25a661467b64f0f2739564d20c7fe6558bd,c:\Users\USER\Documents\GitHub\seismic-correlation-insurance-loss\data\processed\notebook_5_total_ground_up_loss\chunks\total_ground_up_loss_chunk_0027.csv.gz,17330758,0462c44d08bfaf939314399671373be016938b184437671997b545a8672b0e3c,c:\Users\USER\Documents\GitHub\seismic-correlation-insurance-loss\data\processed\notebook_5_total_ground_up_loss\work\markers\total_ground_up_loss_chunk_0027.json,c:\Users\USER\Documents\GitHub\seismic-correlation-insurance-loss\data\processed\notebook_5_total_ground_up_loss\work\chunk_validations\total_ground_up_loss_chunk_0027_validation.csv,True
0005,117500,250,2181,2666,13728750916.836685,13827246279.431103,c:\Users\USER\Documents\GitHub\seismic-correlation-insurance-loss\data\processed\notebook_5_structural_loss\chunks\structural_loss_chunk_0005.csv.gz,e6a786a7e0edb16933f6681d9e14c65f8a1532915e6dec519ad5bcf60aecbe60,c:\Users\USER\Documents\GitHub\seismic-correlation-insurance-loss\data\processed\notebook_5_nonstructural_loss\chunks\nonstructural_loss_chunk_0005.csv.gz,272c60e3bd0f9659388d846e305fa73d5bbd8b9be00aa1fe933fea44722e6fa6,c:\Users\USER\Documents\GitHub\seismic-correlation-insurance-loss\data\processed\notebook_5_total_ground_up_loss\chunks\total_ground_up_loss_chunk_0005.csv.gz,18863954,143c436ede549a9bc0e1a612126150e1a90c153a9b9bf80976453ca02c3e7d3a,c:\Users\USER\Documents\GitHub\seismic-correlation-insurance-loss\data\processed\notebook_5_total_ground_up_loss\work\markers\total_ground_up_loss_chunk_0005.json,c:\Users\USER\Documents\GitHub\seismic-correlation-insurance-loss\data\processed\notebook_5_total_ground_up_loss\work\chunk_validations\total_ground_up_loss_chunk_0005_validation.csv,True
0028,117500,250,2213,8629,2680814286.244793,2709208625.458124,c:\Users\USER\Documents\GitHub\seismic-correlation-insurance-loss\data\processed\notebook_5_structural_loss\chunks\structural_loss_chunk_0028.csv.gz,f282c530cb04d853ed33413c2e9b2f30b5b5e2f205ca78529da7b44dbee2f410,c:\Users\USER\Documents\GitHub\seismic-correlation-insurance-loss\data\processed\notebook_5_nonstructural_loss\chunks\nonstructural_loss_chunk_0028.csv.gz,b3b33cf2d5b10929b478c5f25774bfefba08d21437f2e0bf07e67d2bffbd1db6,c:\Users\USER\Documents\GitHub\seismic-correlation-insurance-loss\data\processed\notebook_5_total_ground_up_loss\chunks\total_ground_up_loss_chunk_0028.csv.gz,17255655,ef19d7dc70c322963ca74e39de1b5c33d51e2ff7053986d35b6d401be81709f4,c:\Users\USER\Documents\GitHub\seismic-correlation-insurance-loss\data\processed\notebook_5_total_ground_up_loss\work\markers\total_ground_up_loss_chunk_0028.json,c:\Users\USER\Documents\GitHub\seismic-correlation-insurance-loss\data\processed\notebook_5_total_ground_up_loss\work\chunk_validations\total_ground_up_loss_chunk_0028_validation.csv,True
0029,117500,250,2606,10625,3244387440.0417337,3253671472.4011526,c:\Users\USER\Documents\GitHub\seismic-correlation-insurance-loss\data\processed\notebook_5_structural_loss\chunks\structural_loss_chunk_0029.csv.gz,4db9df5c72fbac2adf10994ae90365096c9c9344a26b4c5b28b9d9b024ad67cb,c:\Users\USER\Documents\GitHub\seismic-correlation-insurance-loss\data\processed\notebook_5_nonstructural_loss\chunks\nonstructural_loss_chunk_0029.csv.gz,8e179041dc700692fc00640959c1e16422e78fd0c919f1001ff90fb69caaef5b,c:\Users\USER\Documents\GitHub\seismic-correlation-insurance-loss\data\processed\notebook_5_total_ground_up_loss\chunks\total_ground_up_loss_chunk_0029.csv.gz,17343210,495ac641a2325e23760fd7083cae20b52b051d367e7a6759d16ab148ab59576d,c:\Users\USER\Documents\GitHub\seismic-correlation-insurance-loss\data\processed\notebook_5_total_ground_up_loss\work\markers\total_ground_up_loss_chunk_0029.json,c:\Users\USER\Documents\GitHub\seismic-correlation-insurance-loss\data\processed\notebook_5_total_ground_up_loss\work\chunk_validations\total_ground_up_loss_chunk_0029_validation.csv,True
0006,117500,250,2669,3144,15144040490.633694,15049312011.875525,c:\Users\USER\Documents\GitHub\seismic-correlation-insurance-loss\data\processed\notebook_5_structural_loss\chunks\structural_loss_chunk_0006.csv.gz,dfd1c3a5de1d5c3abf0b96ed484448a1abbc84c5d05923c7421954392dcd84f8,c:\Users\USER\Documents\GitHub\seismic-correlation-insurance-loss\data\processed\notebook_5_nonstructural_loss\chunks\nonstructural_loss_chunk_0006.csv.gz,b67ef8cdf3b35d43f0459589260a065a90bc549ace3bc6290a231d35a4d1bc70,c:\Users\USER\Documents\GitHub\seismic-correlation-insurance-loss\data\processed\notebook_5_total_ground_up_loss\chunks\total_ground_up_loss_chunk_0006.csv.gz,19154098,9063b85dea52105e460799659d2d0f44a9d670155b8bc8eb036d2db64904cf94,c:\Users\USER\Documents\GitHub\seismic-correlation-insurance-loss\data\processed\notebook_5_total_ground_up_loss\work\markers\total_ground_up_loss_chunk_0006.json,c:\Users\USER\Documents\GitHub\seismic-correlation-insurance-loss\data\processed\notebook_5_total_ground_up_loss\work\chunk_validations\total_ground_up_loss_chunk_0006_validation.csv,True
0023,117500,250,2711,8580,7052526538.738665,7113523563.260509,c:\Users\USER\Documents\GitHub\seismic-correlation-insurance-loss\data\processed\notebook_5_structural_loss\chunks\structural_loss_chunk_0023.csv.gz,d9720d53eba74136f8b6896de0ed7fa071585ec761d217b38d165fda9cdec961,c:\Users\USER\Documents\GitHub\seismic-correlation-insurance-loss\data\processed\notebook_5_nonstructural_loss\chunks\nonstructural_loss_chunk_0023.csv.gz,e05ecc9624ad11e331d52c329b717719de282a643d0c2f66339de6a8a3161b3e,c:\Users\USER\Documents\GitHub\seismic-correlation-insurance-loss\data\processed\notebook_5_total_ground_up_loss\chunks\total_ground_up_loss_chunk_0023.csv.gz,18119647,7efd9c93c16fba5643fc76019bc03c4cc705e36531f0ae918089616d40f5e78e,c:\Users\USER\Documents\GitHub\seismic-correlation-insurance-loss\data\processed\notebook_5_total_ground_up_loss\work\markers\total_ground_up_loss_chunk_0023.json,c:\Users\USER\Documents\GitHub\seismic-correlation-insurance-loss\data\processed\notebook_5_total_ground_up_loss\work\chunk_validations\total_ground_up_loss_chunk_0023_validation.csv,True
0007,117500,250,3148,3615,15153163656.189116,15193976375.979177,c:\Users\USER\Documents\GitHub\seismic-correlation-insurance-loss\data\processed\notebook_5_structural_loss\chunks\structural_loss_chunk_0007.csv.gz,98df3c7dd373cda0473a674cc43e612b0adc052d28cff0e1dca52c418e3e9c5d,c:\Users\USER\Documents\GitHub\seismic-correlation-insurance-loss\data\processed\notebook_5_nonstructural_loss\chunks\nonstructural_loss_chunk_0007.csv.gz,af2ce3392384f796f1ccf81fe0c64d1df8e037f9b1475873dec3ff5127ebd7e4,c:\Users\USER\Documents\GitHub\seismic-correlation-insurance-loss\data\processed\notebook_5_total_ground_up_loss\chunks\total_ground_up_loss_chunk_0007.csv.gz,19045444,5ef2ee00dca2c25331b58afeb39e0127f0a5020bd06923f9167fb08ecedfedbc,c:\Users\USER\Documents\GitHub\seismic-correlation-insurance-loss\data\processed\notebook_5_total_ground_up_loss\work\markers\total_ground_up_loss_chunk_0007.json,c:\Users\USER\Documents\GitHub\seismic-correlation-insurance-loss\data\processed\notebook_5_total_ground_up_loss\work\chunk_validations\total_ground_up_loss_chunk_0007_validation.csv,True
0030,117500,250,3181,10494,2871120081.056469,2859668957.275028,c:\Users\USER\Documents\GitHub\seismic-correlation-insurance-loss\data\processed\notebook_5_structural_loss\chunks\structural_loss_chunk_0030.csv.gz,e6828d646622dd86f99f2d2eb9cd8a5dc861d4e0c369d2009a541bb5b4960e16,c:\Users\USER\Documents\GitHub\seismic-correlation-insurance-loss\data\processed\notebook_5_nonstructural_loss\chunks\nonstructural_loss_chunk_0030.csv.gz,55b3e1327b2db9a3941b59d10efddcb911425bf60b337df4c1ac40251207ad15,c:\Users\USER\Documents\GitHub\seismic-correlation-insurance-loss\data\processed\notebook_5_total_ground_up_loss\chunks\total_ground_up_loss_chunk_0030.csv.gz,17260361,ff7abdff8c591909c60a96f2e84dfd76f4fb48b29b5f919dcdb494d74d2583bc,c:\Users\USER\Documents\GitHub\seismic-correlation-insurance-loss\data\processed\notebook_5_total_ground_up_loss\work\markers\total_ground_up_loss_chunk_0030.json,c:\Users\USER\Documents\GitHub\seismic-correlation-insurance-loss\data\processed\notebook_5_total_ground_up_loss\work\chunk_validations\total_ground_up_loss_chunk_0030_validation.csv,True
0031,117500,250,3512,9112,3306146527.2923,3341158405.3700657,c:\Users\USER\Documents\GitHub\seismic-correlation-insurance-loss\data\processed\notebook_5_structural_loss\chunks\structural_loss_chunk_0031.csv.gz,ed6f35acd9d0f431233129abc2130094d49358f388a7be8d2e4e8cc788637efc,c:\Users\USER\Documents\GitHub\seismic-correlation-insurance-loss\data\processed\notebook_5_nonstructural_loss\chunks\nonstructural_loss_chunk_0031.csv.gz,9676e059d5415f6f3517305e87c1a6f94315f85cdf96da8f7abcd26c31af8b79,c:\Users\USER\Documents\GitHub\seismic-correlation-insurance-loss\data\processed\notebook_5_total_ground_up_loss\chunks\total_ground_up_loss_chunk_0031.csv.gz,17407009,e088cb7697c0cef2e84413900e869f2f692a5f91eaff187be0e2b9778645285a,c:\Users\USER\Documents\GitHub\seismic-correlation-insurance-loss\data\processed\notebook_5_total_ground_up_loss\work\markers\total_ground_up_loss_chunk_0031.json,c:\Users\USER\Documents\GitHub\seismic-correlation-insurance-loss\data\processed\notebook_5_total_ground_up_loss\work\chunk_validations\total_ground_up_loss_chunk_0031_validation.csv,True
0008,117500,250,3616,4129,14708567026.612513,14665203137.104897,c:\Users\USER\Documents\GitHub\seismic-correlation-insurance-loss\data\processed\notebook_5_structural_loss\chunks\structural_loss_chunk_0008.csv.gz,d29c6f9d5caf6d39926a8846c33277613a476e11c0bb01e74178484fcef89590,c:\Users\USER\Documents\GitHub\seismic-correlation-insurance-loss\data\processed\notebook_5_nonstructural_loss\chunks\nonstructural_loss_chunk_0008.csv.gz,c4ad1f51f83aa0d66d7e0470c313f75f42d25b851c9d8aa89b2ce103a96a9aa5,c:\Users\USER\Documents\GitHub\seismic-correlation-insurance-loss\data\processed\notebook_5_total_ground_up_loss\chunks\total_ground_up_loss_chunk_0008.csv.gz,19070820,03c0ce49e35b68a9ba68001affc0da1384c9a71a03283a268c466a9f4847628f,c:\Users\USER\Documents\GitHub\seismic-correlation-insurance-loss\data\processed\notebook_5_total_ground_up_loss\work\markers\total_ground_up_loss_chunk_0008.json,c:\Users\USER\Documents\GitHub\seismic-correlation-insurance-loss\data\processed\notebook_5_total_ground_up_loss\work\chunk_validations\total_ground_up_loss_chunk_0008_validation.csv,True
0032,117500,250,3946,10623,3042895280.7500014,3042046812.5841002,c:\Users\USER\Documents\GitHub\seismic-correlation-insurance-loss\data\processed\notebook_5_structural_loss\chunks\structural_loss_chunk_0032.csv.gz,1c74b4fcdc2b25c4c82dc62055c955319e3a4499922ebb13b150c6e75b8aa769,c:\Users\USER\Documents\GitHub\seismic-correlation-insurance-loss\data\processed\notebook_5_nonstructural_loss\chunks\nonstructural_loss_chunk_0032.csv.gz,ba99ee1fcf8e5d9a07b082178f5b11c64b935c416f641f08e31263e984dccda8,c:\Users\USER\Documents\GitHub\seismic-correlation-insurance-loss\data\processed\notebook_5_total_ground_up_loss\chunks\total_ground_up_loss_chunk_0032.csv.gz,17310536,68dde5e65c3aa7887cefa9f0dc09a03ed89caa2c1de4cacb2d7af75d1c8e263b,c:\Users\USER\Documents\GitHub\seismic-correlation-insurance-loss\data\processed\notebook_5_total_ground_up_loss\work\markers\total_ground_up_loss_chunk_0032.json,c:\Users\USER\Documents\GitHub\seismic-correlation-insurance-loss\data\processed\notebook_5_total_ground_up_loss\work\chunk_validations\total_ground_up_loss_chunk_0032_validation.csv,True
0009,117500,250,4130,4639,15948334556.937054,15990342690.521664,c:\Users\USER\Documents\GitHub\seismic-correlation-insurance-loss\data\processed\notebook_5_structural_loss\chunks\structural_loss_chunk_0009.csv.gz,f818eaa0fcdccf961241ecfd47c618a930cc4f421ba76ec0a078511527d75541,c:\Users\USER\Documents\GitHub\seismic-correlation-insurance-loss\data\processed\notebook_5_nonstructural_loss\chunks\nonstructural_loss_chunk_0009.csv.gz,e00d86f8571a3c5eebbdbaa2ef5a3a1362d61858243776d88267ef88f15c92f3,c:\Users\USER\Documents\GitHub\seismic-correlation-insurance-loss\data\processed\notebook_5_total_ground_up_loss\chunks\total_ground_up_loss_chunk_0009.csv.gz,19156202,bd27e346c2017baa009fcf83bd5d61c214a7b0ac201692a4647f7d35a1685c13,c:\Users\USER\Documents\GitHub\seismic-correlation-insurance-loss\data\processed\notebook_5_total_ground_up_loss\work\markers\total_ground_up_loss_chunk_0009.json,c:\Users\USER\Documents\GitHub\seismic-correlation-insurance-loss\data\processed\notebook_5_total_ground_up_loss\work\chunk_validations\total_ground_up_loss_chunk_0009_validation.csv,True
0033,117500,250,4526,10627,2999213346.691515,3031828648.37897,c:\Users\USER\Documents\GitHub\seismic-correlation-insurance-loss\data\processed\notebook_5_structural_loss\chunks\structural_loss_chunk_0033.csv.gz,0ced5acc4279bd25c923e23e25db50e7d0bbc524cef58aa6032f466a5d199e84,c:\Users\USER\Documents\GitHub\seismic-correlation-insurance-loss\data\processed\notebook_5_nonstructural_loss\chunks\nonstructural_loss_chunk_0033.csv.gz,500a729b22f46b39520b6162bde4eeb338054a62e5be77f0255a90659e00b3df,c:\Users\USER\Documents\GitHub\seismic-correlation-insurance-loss\data\processed\notebook_5_total_ground_up_loss\chunks\total_ground_up_loss_chunk_0033.csv.gz,17353330,8d7a05fe0464c29c02751a8c1e80d932a7a537b295474a15e31eeec666409d8b,c:\Users\USER\Documents\GitHub\seismic-correlation-insurance-loss\data\processed\notebook_5_total_ground_up_loss\work\markers\total_ground_up_loss_chunk_0033.json,c:\Users\USER\Documents\GitHub\seismic-correlation-insurance-loss\data\processed\notebook_5_total_ground_up_loss\work\chunk_validations\total_ground_up_loss_chunk_0033_validation.csv,True
0010,117500,250,4640,5138,15514726963.02109,15516683301.842686,c:\Users\USER\Documents\GitHub\seismic-correlation-insurance-loss\data\processed\notebook_5_structural_loss\chunks\structural_loss_chunk_0010.csv.gz,c961f882a972e1e274f83005ab19b6d0faa99408240fb9a6b00c6eac53d969bb,c:\Users\USER\Documents\GitHub\seismic-correlation-insurance-loss\data\processed\notebook_5_nonstructural_loss\chunks\nonstructural_loss_chunk_0010.csv.gz,3f10a8dc195dfe0c76fd41ce60f2a16b208a54232da4b72d12ae3afad01d6a32,c:\Users\USER\Documents\GitHub\seismic-correlation-insurance-loss\data\processed\notebook_5_total_ground_up_loss\chunks\total_ground_up_loss_chunk_0010.csv.gz,19184610,2a1dd6fb0e61655e87f65bd5390e9cca305ac7c4476d94e44b2beed0d4bb21ac,c:\Users\USER\Documents\GitHub\seismic-correlation-insurance-loss\data\processed\notebook_5_total_ground_up_loss\work\markers\total_ground_up_loss_chunk_0010.json,c:\Users\USER\Documents\GitHub\seismic-correlation-insurance-loss\data\processed\notebook_5_total_ground_up_loss\work\chunk_validations\total_ground_up_loss_chunk_0010_validation.csv,True
0034,117500,250,4987,10621,2614635101.381764,2674722474.1957593,c:\Users\USER\Documents\GitHub\seismic-correlation-insurance-loss\data\processed\notebook_5_structural_loss\chunks\structural_loss_chunk_0034.csv.gz,512cbb9e6449af2b2a827ac30137d39eb1acdd0e4bb66378b7163f6af745f728,c:\Users\USER\Documents\GitHub\seismic-correlation-insurance-loss\data\processed\notebook_5_nonstructural_loss\chunks\nonstructural_loss_chunk_0034.csv.gz,b4a5fdbb15a460e20e7bbda322057ac4fc09ee5ac8d0bd7de6017f6f98b77189,c:\Users\USER\Documents\GitHub\seismic-correlation-insurance-loss\data\processed\notebook_5_total_ground_up_loss\chunks\total_ground_up_loss_chunk_0034.csv.gz,17267094,8e9c7f31670a8bf64ba445bd0ca71b34bb9990cc9add0f6490197f9b76aa19fa,c:\Users\USER\Documents\GitHub\seismic-correlation-insurance-loss\data\processed\notebook_5_total_ground_up_loss\work\markers\total_ground_up_loss_chunk_0034.json,c:\Users\USER\Documents\GitHub\seismic-correlation-insurance-loss\data\processed\notebook_5_total_ground_up_loss\work\chunk_validations\total_ground_up_loss_chunk_0034_validation.csv,True
0011,117500,250,5140,5629,14583012138.62713,14600950089.152094,c:\Users\USER\Documents\GitHub\seismic-correlation-insurance-loss\data\processed\notebook_5_structural_loss\chunks\structural_loss_chunk_0011.csv.gz,556a0590d1a508e4e1e96799c369e3013bb810beedfb285c29afd73322976e0c,c:\Users\USER\Documents\GitHub\seismic-correlation-insurance-loss\data\processed\notebook_5_nonstructural_loss\chunks\nonstructural_loss_chunk_0011.csv.gz,18da49ce84fe985884466f41a113169dab0875c347784ca8adf088e59e55ef18,c:\Users\USER\Documents\GitHub\seismic-correlation-insurance-loss\data\processed\notebook_5_total_ground_up_loss\chunks\total_ground_up_loss_chunk_0011.csv.gz,19095887,bb8ef506ee7a59d0e02277a62dd3f567dcccc5af7cf9fe8bfb09f43ff81a85a7,c:\Users\USER\Documents\GitHub\seismic-correlation-insurance-loss\data\processed\notebook_5_total_ground_up_loss\work\markers\total_ground_up_loss_chunk_0011.json,c:\Users\USER\Documents\GitHub\seismic-correlation-insurance-loss\data\processed\notebook_5_total_ground_up_loss\work\chunk_validations\total_ground_up_loss_chunk_0011_validation.csv,True
0035,117500,250,5487,10108,3959264387.103468,4029296289.5620213,c:\Users\USER\Documents\GitHub\seismic-correlation-insurance-loss\data\processed\notebook_5_structural_loss\chunks\structural_loss_chunk_0035.csv.gz,51c5c9cc8350cad8b2b55b2df3ecdf17ee33d2ce36b0bf234d9aff4bdfec4755,c:\Users\USER\Documents\GitHub\seismic-correlation-insurance-loss\data\processed\notebook_5_nonstructural_loss\chunks\nonstructural_loss_chunk_0035.csv.gz,23bbb8e5898d2c4f724ecc6d7ee4d1e3663f9eec35490a487e6c471d8d1a416b,c:\Users\USER\Documents\GitHub\seismic-correlation-insurance-loss\data\processed\notebook_5_total_ground_up_loss\chunks\total_ground_up_loss_chunk_0035.csv.gz,17535547,62e5b395f5546fba3f7e2c1f42fb6895e8df77a77f1f74e689ec85078b0976e9,c:\Users\USER\Documents\GitHub\seismic-correlation-insurance-loss\data\processed\notebook_5_total_ground_up_loss\work\markers\total_ground_up_loss_chunk_0035.json,c:\Users\USER\Documents\GitHub\seismic-correlation-insurance-loss\data\processed\notebook_5_total_ground_up_loss\work\chunk_validations\total_ground_up_loss_chunk_0035_validation.csv,True
0012,117500,250,5630,6157,15174377015.977552,15275026679.505812,c:\Users\USER\Documents\GitHub\seismic-correlation-insurance-loss\data\processed\notebook_5_structural_loss\chunks\structural_loss_chunk_0012.csv.gz,e619fb56031c71d0d61ca4dc9d9789b77ebdba60fc58831d27bf209986bd8b07,c:\Users\USER\Documents\GitHub\seismic-correlation-insurance-loss\data\processed\notebook_5_nonstructural_loss\chunks\nonstructural_loss_chunk_0012.csv.gz,40b4ab43485d2b274d1b43e9267d9aa6cc03d479211f8cec037574a2b6d8a0b0,c:\Users\USER\Documents\GitHub\seismic-correlation-insurance-loss\data\processed\notebook_5_total_ground_up_loss\chunks\total_ground_up_loss_chunk_0012.csv.gz,19076014,81bf3679f855219bf8891886fef64f81d0599f0b365bf5d42dd58c91adb4381a,c:\Users\USER\Documents\GitHub\seismic-correlation-insurance-loss\data\processed\notebook_5_total_ground_up_loss\work\markers\total_ground_up_loss_chunk_0012.json,c:\Users\USER\Documents\GitHub\seismic-correlation-insurance-loss\data\processed\notebook_5_total_ground_up_loss\work\chunk_validations\total_ground_up_loss_chunk_0012_validation.csv,True
0036,117500,250,6011,10581,3657754311.024843,3652037206.4281735,c:\Users\USER\Documents\GitHub\seismic-correlation-insurance-loss\data\processed\notebook_5_structural_loss\chunks\structural_loss_chunk_0036.csv.gz,a695d0f160bebf8be5d1085ff0fa7aefdf392bab4238c2780dc23182a7332f9b,c:\Users\USER\Documents\GitHub\seismic-correlation-insurance-loss\data\processed\notebook_5_nonstructural_loss\chunks\nonstructural_loss_chunk_0036.csv.gz,e9f9870416cc980b0980deb5b6b95883bc7b0ca001504650dc212b7bebae6e0f,c:\Users\USER\Documents\GitHub\seismic-correlation-insurance-loss\data\processed\notebook_5_total_ground_up_loss\chunks\total_ground_up_loss_chunk_0036.csv.gz,17398553,2c5094b436fcf1d07402c6addbcf74b87e4e6ddea0118c500914723b1dc916c2,c:\Users\USER\Documents\GitHub\seismic-correlation-insurance-loss\data\processed\notebook_5_total_ground_up_loss\work\markers\total_ground_up_loss_chunk_0036.json,c:\Users\USER\Documents\GitHub\seismic-correlation-insurance-loss\data\processed\notebook_5_total_ground_up_loss\work\chunk_validations\total_ground_up_loss_chunk_0036_validation.csv,True
0013,117500,250,6158,6644,13836638865.885395,13906840311.62699,c:\Users\USER\Documents\GitHub\seismic-correlation-insurance-loss\data\processed\notebook_5_structural_loss\chunks\structural_loss_chunk_0013.csv.gz,9ecdc475bf6cd287f1d335c419649c860774db31cd120e9407d1110790493372,c:\Users\USER\Documents\GitHub\seismic-correlation-insurance-loss\data\processed\notebook_5_nonstructural_loss\chunks\nonstructural_loss_chunk_0013.csv.gz,a5490ed091ef821540617c22b44aa516bf5dfc4efd67b988e1d29a0525c8540d,c:\Users\USER\Documents\GitHub\seismic-correlation-insurance-loss\data\processed\notebook_5_total_ground_up_loss\chunks\total_ground_up_loss_chunk_0013.csv.gz,18985834,e24f24514feec31a5080e2da54a7cd77818466abb50403a5a7f1398f300ed9d0,c:\Users\USER\Documents\GitHub\seismic-correlation-insurance-loss\data\processed\notebook_5_total_ground_up_loss\work\markers\total_ground_up_loss_chunk_0013.json,c:\Users\USER\Documents\GitHub\seismic-correlation-insurance-loss\data\processed\notebook_5_total_ground_up_loss\work\chunk_validations\total_ground_up_loss_chunk_0013_validation.csv,True
0014,117500,250,6645,7155,16108567744.723791,16113071096.015562,c:\Users\USER\Documents\GitHub\seismic-correlation-insurance-loss\data\processed\notebook_5_structural_loss\chunks\structural_loss_chunk_0014.csv.gz,733a34c1adabe8a9e484cfc93cf2ba05762362186bb98aba64fab723c1327039,c:\Users\USER\Documents\GitHub\seismic-correlation-insurance-loss\data\processed\notebook_5_nonstructural_loss\chunks\nonstructural_loss_chunk_0014.csv.gz,705290bc3789adfc1b538fcce04e7288b1559bcd2e72f157bd5c16e766a93412,c:\Users\USER\Documents\GitHub\seismic-correlation-insurance-loss\data\processed\notebook_5_total_ground_up_loss\chunks\total_ground_up_loss_chunk_0014.csv.gz,19246551,4b83602406f95d67090821bf9b7f3d8c740d1c7617f6b7a33d1c0358b5983d14,c:\Users\USER\Documents\GitHub\seismic-correlation-insurance-loss\data\processed\notebook_5_total_ground_up_loss\work\markers\total_ground_up_loss_chunk_0014.json,c:\Users\USER\Documents\GitHub\seismic-correlation-insurance-loss\data\processed\notebook_5_total_ground_up_loss\work\chunk_validations\total_ground_up_loss_chunk_0014_validation.csv,True
0037,117500,250,6715,10579,2978015626.873354,2988447987.4307604,c:\Users\USER\Documents\GitHub\seismic-correlation-insurance-loss\data\processed\notebook_5_structural_loss\chunks\structural_loss_chunk_0037.csv.gz,6763b87a64c3d4f8dfacc5f9ba086d3837bc0588a92fd8c156b6c9156762e9d8,c:\Users\USER\Documents\GitHub\seismic-correlation-insurance-loss\data\processed\notebook_5_nonstructural_loss\chunks\nonstructural_loss_chunk_0037.csv.gz,69e278c001b9c10a0eaa15f5c2a1bdcc8dd06a4794074d861135d003560dfc5f,c:\Users\USER\Documents\GitHub\seismic-correlation-insurance-loss\data\processed\notebook_5_total_ground_up_loss\chunks\total_ground_up_loss_chunk_0037.csv.gz,17292181,34ef5ef5fc2d293f56310bd5748342fbba9c97cd54614d311af1a8d5fe75d6fd,c:\Users\USER\Documents\GitHub\seismic-correlation-insurance-loss\data\processed\notebook_5_total_ground_up_loss\work\markers\total_ground_up_loss_chunk_0037.json,c:\Users\USER\Documents\GitHub\seismic-correlation-insurance-loss\data\processed\notebook_5_total_ground_up_loss\work\chunk_validations\total_ground_up_loss_chunk_0037_validation.csv,True
0015,117500,250,7157,7656,14737049496.363007,14810821052.176994,c:\Users\USER\Documents\GitHub\seismic-correlation-insurance-loss\data\processed\notebook_5_structural_loss\chunks\structural_loss_chunk_0015.csv.gz,46eeced000dfa903bb9fe4b27f57d64262fa14f782f2c390c4fb0410e2e3c73f,c:\Users\USER\Documents\GitHub\seismic-correlation-insurance-loss\data\processed\notebook_5_nonstructural_loss\chunks\nonstructural_loss_chunk_0015.csv.gz,3a2f6bb3441c5084d8d49b795e5747e7fec19a663cb282b762fff2b8a7ae0028,c:\Users\USER\Documents\GitHub\seismic-correlation-insurance-loss\data\processed\notebook_5_total_ground_up_loss\chunks\total_ground_up_loss_chunk_0015.csv.gz,19046475,d218463a2351eef7d4a6462cf15951619820b21fe22a93307ca62558d31129a3,c:\Users\USER\Documents\GitHub\seismic-correlation-insurance-loss\data\processed\notebook_5_total_ground_up_loss\work\markers\total_ground_up_loss_chunk_0015.json,c:\Users\USER\Documents\GitHub\seismic-correlation-insurance-loss\data\processed\notebook_5_total_ground_up_loss\work\chunk_validations\total_ground_up_loss_chunk_0015_validation.csv,True
0038,117500,250,7297,10515,3009882957.3886414,3078293063.7778563,c:\Users\USER\Documents\GitHub\seismic-correlation-insurance-loss\data\processed\notebook_5_structural_loss\chunks\structural_loss_chunk_0038.csv.gz,734b413771cd68ebf81f1a5f94d4280fe884336da5c46eee799c47fa9c7de65d,c:\Users\USER\Documents\GitHub\seismic-correlation-insurance-loss\data\processed\notebook_5_nonstructural_loss\chunks\nonstructural_loss_chunk_0038.csv.gz,a3019bd2d3c1bee4f8364468466984bb877da99a9e04378a1c887470594eb449,c:\Users\USER\Documents\GitHub\seismic-correlation-insurance-loss\data\processed\notebook_5_total_ground_up_loss\chunks\total_ground_up_loss_chunk_0038.csv.gz,17373956,44e2d387877c070fd862016672a2255d84587b877e741c58fa67bc9f0e3fc974,c:\Users\USER\Documents\GitHub\seismic-correlation-insurance-loss\data\processed\notebook_5_total_ground_up_loss\work\markers\total_ground_up_loss_chunk_0038.json,c:\Users\USER\Documents\GitHub\seismic-correlation-insurance-loss\data\processed\notebook_5_total_ground_up_loss\work\chunk_validations\total_ground_up_loss_chunk_0038_validation.csv,True
0016,117500,250,7657,8199,14699910243.975445,14685548327.250107,c:\Users\USER\Documents\GitHub\seismic-correlation-insurance-loss\data\processed\notebook_5_structural_loss\chunks\structural_loss_chunk_0016.csv.gz,1a18f9c6fdc2d59f48561d44c64263ad932bac260a818c6e5a57483252266f54,c:\Users\USER\Documents\GitHub\seismic-correlation-insurance-loss\data\processed\notebook_5_nonstructural_loss\chunks\nonstructural_loss_chunk_0016.csv.gz,05191c6d5b97b60cd90ec2fa5094ed0e06c979707daeb26373abfa8196f3eac1,c:\Users\USER\Documents\GitHub\seismic-correlation-insurance-loss\data\processed\notebook_5_total_ground_up_loss\chunks\total_ground_up_loss_chunk_0016.csv.gz,19079462,82990aa25adea07ea8ea942b6fa6818f190acf98874e0c64e397082ef1a9a72f,c:\Users\USER\Documents\GitHub\seismic-correlation-insurance-loss\data\processed\notebook_5_total_ground_up_loss\work\markers\total_ground_up_loss_chunk_0016.json,c:\Users\USER\Documents\GitHub\seismic-correlation-insurance-loss\data\processed\notebook_5_total_ground_up_loss\work\chunk_validations\total_ground_up_loss_chunk_0016_validation.csv,True
0039,117500,250,7921,10626,2903462005.584304,2928882905.3228846,c:\Users\USER\Documents\GitHub\seismic-correlation-insurance-loss\data\processed\notebook_5_structural_loss\chunks\structural_loss_chunk_0039.csv.gz,7f8cf83b04530a7a4492dc1fb0e6eb2434f80f6981bc082b2e2dd25d329d983b,c:\Users\USER\Documents\GitHub\seismic-correlation-insurance-loss\data\processed\notebook_5_nonstructural_loss\chunks\nonstructural_loss_chunk_0039.csv.gz,d203bc257e7bb270d4601c6921bac9b80b9f64ccc7072944f18febb9e7da33de,c:\Users\USER\Documents\GitHub\seismic-correlation-insurance-loss\data\processed\notebook_5_total_ground_up_loss\chunks\total_ground_up_loss_chunk_0039.csv.gz,17283707,aadfef4cd0c94c008b83e4d24ae943e6b999d4042504184799e878793474bde8,c:\Users\USER\Documents\GitHub\seismic-correlation-insurance-loss\data\processed\notebook_5_total_ground_up_loss\work\markers\total_ground_up_loss_chunk_0039.json,c:\Users\USER\Documents\GitHub\seismic-correlation-insurance-loss\data\processed\notebook_5_total_ground_up_loss\work\chunk_validations\total_ground_up_loss_chunk_0039_validation.csv,True
0017,117500,250,8200,8716,15571694492.968338,15612631648.583414,c:\Users\USER\Documents\GitHub\seismic-correlation-insurance-loss\data\processed\notebook_5_structural_loss\chunks\structural_loss_chunk_0017.csv.gz,43e60b0f83e091d86dce45b28c1fbc24cedcdae60c917e2d700025a741eb4efa,c:\Users\USER\Documents\GitHub\seismic-correlation-insurance-loss\data\processed\notebook_5_nonstructural_loss\chunks\nonstructural_loss_chunk_0017.csv.gz,7799ab9bcadc2df883b09fe37fa3f99fae8ab1049e33c333540c98f8c6923935,c:\Users\USER\Documents\GitHub\seismic-correlation-insurance-loss\data\processed\notebook_5_total_ground_up_loss\chunks\total_ground_up_loss_chunk_0017.csv.gz,19139789,daf08dcbb781b2a6bf5bda920f9d431c65a7e2699820bffc94fbfd949c70b6e9,c:\Users\USER\Documents\GitHub\seismic-correlation-insurance-loss\data\processed\notebook_5_total_ground_up_loss\work\markers\total_ground_up_loss_chunk_0017.json,c:\Users\USER\Documents\GitHub\seismic-correlation-insurance-loss\data\processed\notebook_5_total_ground_up_loss\work\chunk_validations\total_ground_up_loss_chunk_0017_validation.csv,True
0040,117500,250,8558,10597,3914150491.7502685,3935365737.4663367,c:\Users\USER\Documents\GitHub\seismic-correlation-insurance-loss\data\processed\notebook_5_structural_loss\chunks\structural_loss_chunk_0040.csv.gz,088ebb9b5e7d7d2c938a1db12bad7c174498929390b1a3a545a4f21917961cf3,c:\Users\USER\Documents\GitHub\seismic-correlation-insurance-loss\data\processed\notebook_5_nonstructural_loss\chunks\nonstructural_loss_chunk_0040.csv.gz,d3d93bf548ffbb4df763ce549eb4b8aa9aa5025a7cfd6e34e90b5457478ffa0f,c:\Users\USER\Documents\GitHub\seismic-correlation-insurance-loss\data\processed\notebook_5_total_ground_up_loss\chunks\total_ground_up_loss_chunk_0040.csv.gz,17452956,b1f4ec2dfb56dd9df602d9a00cc2b793cbe191a06509e3cd2498d6f6cc18c5f0,c:\Users\USER\Documents\GitHub\seismic-correlation-insurance-loss\data\processed\notebook_5_total_ground_up_loss\work\markers\total_ground_up_loss_chunk_0040.json,c:\Users\USER\Documents\GitHub\seismic-correlation-insurance-loss\data\processed\notebook_5_total_ground_up_loss\work\chunk_validations\total_ground_up_loss_chunk_0040_validation.csv,True
0018,117500,250,8717,9233,15595896509.615868,15605846172.480803,c:\Users\USER\Documents\GitHub\seismic-correlation-insurance-loss\data\processed\notebook_5_structural_loss\chunks\structural_loss_chunk_0018.csv.gz,f2d0addca21ee234211f07e84ddfea4cf13f425af696b6c28174e2bb209251a4,c:\Users\USER\Documents\GitHub\seismic-correlation-insurance-loss\data\processed\notebook_5_nonstructural_loss\chunks\nonstructural_loss_chunk_0018.csv.gz,828cfd6fd95ba6d385ad092799a531bd0dbeb88bb6d46d44ee75ba97ae154907,c:\Users\USER\Documents\GitHub\seismic-correlation-insurance-loss\data\processed\notebook_5_total_ground_up_loss\chunks\total_ground_up_loss_chunk_0018.csv.gz,19108319,07d35085de0c4c73ea80b5444f6df8b605bb8aad6bc0c705fcc1fbec4dfdc5c5,c:\Users\USER\Documents\GitHub\seismic-correlation-insurance-loss\data\processed\notebook_5_total_ground_up_loss\work\markers\total_ground_up_loss_chunk_0018.json,c:\Users\USER\Documents\GitHub\seismic-correlation-insurance-loss\data\processed\notebook_5_total_ground_up_loss\work\chunk_validations\total_ground_up_loss_chunk_0018_validation.csv,True
0019,117500,250,9234,9743,16849508276.05026,16780878930.853409,c:\Users\USER\Documents\GitHub\seismic-correlation-insurance-loss\data\processed\notebook_5_structural_loss\chunks\structural_loss_chunk_0019.csv.gz,0e36a5baa3315afc830b36320a7d6091bb5e435e0c0719ae578bcd8b9d67200d,c:\Users\USER\Documents\GitHub\seismic-correlation-insurance-loss\data\processed\notebook_5_nonstructural_loss\chunks\nonstructural_loss_chunk_0019.csv.gz,a21ee0b00df34852babbe3e72d869bc4fd75804a03d86b7b0ce390f40d2a2313,c:\Users\USER\Documents\GitHub\seismic-correlation-insurance-loss\data\processed\notebook_5_total_ground_up_loss\chunks\total_ground_up_loss_chunk_0019.csv.gz,19256468,e2d8ce3bffe00486a8f45a9c7e2227106bc9c3cbf0702c35d36ef096aaa08fbf,c:\Users\USER\Documents\GitHub\seismic-correlation-insurance-loss\data\processed\notebook_5_total_ground_up_loss\work\markers\total_ground_up_loss_chunk_0019.json,c:\Users\USER\Documents\GitHub\seismic-correlation-insurance-loss\data\processed\notebook_5_total_ground_up_loss\work\chunk_validations\total_ground_up_loss_chunk_0019_validation.csv,True
0041,117500,250,9370,10470,3456715240.3464823,3348742777.5893497,c:\Users\USER\Documents\GitHub\seismic-correlation-insurance-loss\data\processed\notebook_5_structural_loss\chunks\structural_loss_chunk_0041.csv.gz,a29fb4e6e31a1e8b5ac188fab9e4ec6310eba2c6f06c49717f789091ce125101,c:\Users\USER\Documents\GitHub\seismic-correlation-insurance-loss\data\processed\notebook_5_nonstructural_loss\chunks\nonstructural_loss_chunk_0041.csv.gz,dacd5aacaf77f6e66f69ea26ec1cf7fdf0dad58d9819d76fd565f7acf6eb3ac0,c:\Users\USER\Documents\GitHub\seismic-correlation-insurance-loss\data\processed\notebook_5_total_ground_up_loss\chunks\total_ground_up_loss_chunk_0041.csv.gz,17397183,528631028fbb667c97c8a1ed95bc5547f1c28d9225d1b0a95f7d028ca52cd463,c:\Users\USER\Documents\GitHub\seismic-correlation-insurance-loss\data\processed\notebook_5_total_ground_up_loss\work\markers\total_ground_up_loss_chunk_0041.json,c:\Users\USER\Documents\GitHub\seismic-correlation-insurance-loss\data\processed\notebook_5_total_ground_up_loss\work\chunk_validations\total_ground_up_loss_chunk_0041_validation.csv,True
0020,117500,250,9744,10278,13843186348.22967,13903060813.129835,c:\Users\USER\Documents\GitHub\seismic-correlation-insurance-loss\data\processed\notebook_5_structural_loss\chunks\structural_loss_chunk_0020.csv.gz,f9c8fe81126512f85de7ebac9d95738d2a6053933f4cc2761c4a431bca198a09,c:\Users\USER\Documents\GitHub\seismic-correlation-insurance-loss\data\processed\notebook_5_nonstructural_loss\chunks\nonstructural_loss_chunk_0020.csv.gz,0295727e68044e6a0157487a42d9fdafa45d6cda6f279d436e5e641ce93039bf,c:\Users\USER\Documents\GitHub\seismic-correlation-insurance-loss\data\processed\notebook_5_total_ground_up_loss\chunks\total_ground_up_loss_chunk_0020.csv.gz,19015097,79e11b0aafaac331926a7fc90fa08eb7a152282bc95fc6a40557c979301fd5ef,c:\Users\USER\Documents\GitHub\seismic-correlation-insurance-loss\data\processed\notebook_5_total_ground_up_loss\work\markers\total_ground_up_loss_chunk_0020.json,c:\Users\USER\Documents\GitHub\seismic-correlation-insurance-loss\data\processed\notebook_5_total_ground_up_loss\work\chunk_validations\total_ground_up_loss_chunk_0020_validation.csv,True
0042,61100,130,10160,10629,2296181935.8729568,2326680383.069255,c:\Users\USER\Documents\GitHub\seismic-correlation-insurance-loss\data\processed\notebook_5_structural_loss\chunks\structural_loss_chunk_0042.csv.gz,019755f31af0b3664d95b402447d52067bcc34171b8531fc3d7d5400fe3b77fb,c:\Users\USER\Documents\GitHub\seismic-correlation-insurance-loss\data\processed\notebook_5_nonstructural_loss\chunks\nonstructural_loss_chunk_0042.csv.gz,9f3b6be6eb3818dd3f4f8a2fdf747ec3c5652323a8f91d5b9c92bd45d693fd69,c:\Users\USER\Documents\GitHub\seismic-correlation-insurance-loss\data\processed\notebook_5_total_ground_up_loss\chunks\total_ground_up_loss_chunk_0042.csv.gz,9112855,a5d6aec310bbaa6b39173078342dff9edba29c73f13207f9b6ef2d389b1dd119,c:\Users\USER\Documents\GitHub\seismic-correlation-insurance-loss\data\processed\notebook_5_total_ground_up_loss\work\markers\total_ground_up_loss_chunk_0042.json,c:\Users\USER\Documents\GitHub\seismic-correlation-insurance-loss\data\processed\notebook_5_total_ground_up_loss\work\chunk_validations\total_ground_up_loss_chunk_0042_validation.csv,True
